file,line,type,commit,author,date,time,timezone,datetime,depth,length
style.css,1,css,99bd3cb4,zou99999,2025-04-18,20:39:57,-07:00,2025-04-18T20:39:57-07:00,0,5
style.css,2,css,99bd3cb4,zou99999,2025-04-18,20:39:57,-07:00,2025-04-18T20:39:57-07:00,0,24
style.css,3,css,99bd3cb4,zou99999,2025-04-18,20:39:57,-07:00,2025-04-18T20:39:57-07:00,0,24
style.css,4,css,99bd3cb4,zou99999,2025-04-18,20:39:57,-07:00,2025-04-18T20:39:57-07:00,0,17
style.css,5,css,99bd3cb4,zou99999,2025-04-18,20:39:57,-07:00,2025-04-18T20:39:57-07:00,0,0
style.css,6,css,99bd3cb4,zou99999,2025-04-18,20:39:57,-07:00,2025-04-18T20:39:57-07:00,0,0
style.css,7,css,b2c59a03,zou99999,2025-04-11,23:13:20,-07:00,2025-04-11T23:13:20-07:00,0,5
style.css,8,css,b2c59a03,zou99999,2025-04-11,23:13:20,-07:00,2025-04-11T23:13:20-07:00,0,16
style.css,9,css,b2c59a03,zou99999,2025-04-11,23:13:20,-07:00,2025-04-11T23:13:20-07:00,0,43
style.css,10,css,b2c59a03,zou99999,2025-04-11,23:13:20,-07:00,2025-04-11T23:13:20-07:00,0,13
style.css,11,css,b2c59a03,zou99999,2025-04-11,23:13:20,-07:00,2025-04-11T23:13:20-07:00,0,34
style.css,12,css,b2c59a03,zou99999,2025-04-11,23:13:20,-07:00,2025-04-11T23:13:20-07:00,0,16
style.css,13,css,b2c59a03,zou99999,2025-04-11,23:13:20,-07:00,2025-04-11T23:13:20-07:00,0,0
style.css,14,css,b2c59a03,zou99999,2025-04-11,23:13:20,-07:00,2025-04-11T23:13:20-07:00,0,0
style.css,15,css,b2c59a03,zou99999,2025-04-11,23:13:20,-07:00,2025-04-11T23:13:20-07:00,0,5
style.css,16,css,b2c59a03,zou99999,2025-04-11,23:13:20,-07:00,2025-04-11T23:13:20-07:00,0,50
style.css,17,css,b2c59a03,zou99999,2025-04-11,23:13:20,-07:00,2025-04-11T23:13:20-07:00,0,33
style.css,18,css,b2c59a03,zou99999,2025-04-11,23:13:20,-07:00,2025-04-11T23:13:20-07:00,0,0
style.css,19,css,b2c59a03,zou99999,2025-04-11,23:13:20,-07:00,2025-04-11T23:13:20-07:00,0,0
style.css,20,css,3e8a829c,zou99999,2025-04-11,19:45:51,-07:00,2025-04-11T19:45:51-07:00,0,6
style.css,21,css,3e8a829c,zou99999,2025-04-11,19:45:51,-07:00,2025-04-11T19:45:51-07:00,0,7
style.css,22,css,3e8a829c,zou99999,2025-04-11,19:45:51,-07:00,2025-04-11T19:45:51-07:00,0,17
style.css,23,css,3e8a829c,zou99999,2025-04-11,19:45:51,-07:00,2025-04-11T19:45:51-07:00,0,0
style.css,24,css,11a41e14,zou99999,2025-04-11,19:59:18,-07:00,2025-04-11T19:59:18-07:00,0,0
style.css,25,css,3e8a829c,zou99999,2025-04-11,19:45:51,-07:00,2025-04-11T19:45:51-07:00,0,4
style.css,26,css,3e8a829c,zou99999,2025-04-11,19:45:51,-07:00,2025-04-11T19:45:51-07:00,0,13
style.css,27,css,99bd3cb4,zou99999,2025-04-18,20:39:57,-07:00,2025-04-18T20:39:57-07:00,0,9
style.css,28,css,99bd3cb4,zou99999,2025-04-18,20:39:57,-07:00,2025-04-18T20:39:57-07:00,0,13
style.css,29,css,99bd3cb4,zou99999,2025-04-18,20:39:57,-07:00,2025-04-18T20:39:57-07:00,0,24
style.css,30,css,99bd3cb4,zou99999,2025-04-18,20:39:57,-07:00,2025-04-18T20:39:57-07:00,0,40
style.css,31,css,99bd3cb4,zou99999,2025-04-18,20:39:57,-07:00,2025-04-18T20:39:57-07:00,0,40
style.css,32,css,3e8a829c,zou99999,2025-04-11,19:45:51,-07:00,2025-04-11T19:45:51-07:00,0,0
style.css,33,css,3e8a829c,zou99999,2025-04-11,19:45:51,-07:00,2025-04-11T19:45:51-07:00,0,0
style.css,34,css,99bd3cb4,zou99999,2025-04-18,20:39:57,-07:00,2025-04-18T20:39:57-07:00,0,0
style.css,35,css,3e8a829c,zou99999,2025-04-11,19:45:51,-07:00,2025-04-11T19:45:51-07:00,0,6
style.css,36,css,3e8a829c,zou99999,2025-04-11,19:45:51,-07:00,2025-04-11T19:45:51-07:00,0,7
style.css,37,css,b2c59a03,zou99999,2025-04-11,23:13:20,-07:00,2025-04-11T23:13:20-07:00,0,21
style.css,38,css,b2c59a03,zou99999,2025-04-11,23:13:20,-07:00,2025-04-11T23:13:20-07:00,0,14
style.css,39,css,b2c59a03,zou99999,2025-04-11,23:13:20,-07:00,2025-04-11T23:13:20-07:00,0,18
style.css,40,css,b2c59a03,zou99999,2025-04-11,23:13:20,-07:00,2025-04-11T23:13:20-07:00,0,14
style.css,41,css,b2c59a03,zou99999,2025-04-11,23:13:20,-07:00,2025-04-11T23:13:20-07:00,0,35
style.css,42,css,3e8a829c,zou99999,2025-04-11,19:45:51,-07:00,2025-04-11T19:45:51-07:00,0,0
style.css,43,css,3e8a829c,zou99999,2025-04-11,19:45:51,-07:00,2025-04-11T19:45:51-07:00,0,0
style.css,44,css,3e8a829c,zou99999,2025-04-11,19:45:51,-07:00,2025-04-11T19:45:51-07:00,0,14
style.css,45,css,b2c59a03,zou99999,2025-04-11,23:13:20,-07:00,2025-04-11T23:13:20-07:00,0,44
style.css,46,css,b2c59a03,zou99999,2025-04-11,23:13:20,-07:00,2025-04-11T23:13:20-07:00,0,21
style.css,47,css,b2c59a03,zou99999,2025-04-11,23:13:20,-07:00,2025-04-11T23:13:20-07:00,0,17
style.css,48,css,3e8a829c,zou99999,2025-04-11,19:45:51,-07:00,2025-04-11T19:45:51-07:00,0,0
style.css,49,css,3e8a829c,zou99999,2025-04-11,19:45:51,-07:00,2025-04-11T19:45:51-07:00,0,0
style.css,50,css,11a41e14,zou99999,2025-04-11,19:59:18,-07:00,2025-04-11T19:59:18-07:00,0,12
style.css,51,css,11a41e14,zou99999,2025-04-11,19:59:18,-07:00,2025-04-11T19:59:18-07:00,0,46
style.css,52,css,b2c59a03,zou99999,2025-04-11,23:13:20,-07:00,2025-04-11T23:13:20-07:00,0,21
style.css,53,css,99bd3cb4,zou99999,2025-04-18,20:39:57,-07:00,2025-04-18T20:39:57-07:00,0,70
style.css,54,css,3e8a829c,zou99999,2025-04-11,19:45:51,-07:00,2025-04-11T19:45:51-07:00,0,0
style.css,55,css,3e8a829c,zou99999,2025-04-11,19:45:51,-07:00,2025-04-11T19:45:51-07:00,0,0
style.css,56,css,1ab418c6,zou99999,2025-04-11,20:05:55,-07:00,2025-04-11T20:05:55-07:00,0,5
style.css,57,css,1ab418c6,zou99999,2025-04-11,20:05:55,-07:00,2025-04-11T20:05:55-07:00,0,13
style.css,58,css,1ab418c6,zou99999,2025-04-11,20:05:55,-07:00,2025-04-11T20:05:55-07:00,0,31
style.css,59,css,1ab418c6,zou99999,2025-04-11,20:05:55,-07:00,2025-04-11T20:05:55-07:00,0,8
style.css,60,css,1ab418c6,zou99999,2025-04-11,20:05:55,-07:00,2025-04-11T20:05:55-07:00,0,19
style.css,61,css,1ab418c6,zou99999,2025-04-11,20:05:55,-07:00,2025-04-11T20:05:55-07:00,0,0
style.css,62,css,1ab418c6,zou99999,2025-04-11,20:05:55,-07:00,2025-04-11T20:05:55-07:00,0,0
style.css,63,css,1ab418c6,zou99999,2025-04-11,20:05:55,-07:00,2025-04-11T20:05:55-07:00,0,11
style.css,64,css,1ab418c6,zou99999,2025-04-11,20:05:55,-07:00,2025-04-11T20:05:55-07:00,0,13
style.css,65,css,1ab418c6,zou99999,2025-04-11,20:05:55,-07:00,2025-04-11T20:05:55-07:00,0,30
style.css,66,css,1ab418c6,zou99999,2025-04-11,20:05:55,-07:00,2025-04-11T20:05:55-07:00,0,19
style.css,67,css,1ab418c6,zou99999,2025-04-11,20:05:55,-07:00,2025-04-11T20:05:55-07:00,0,0
style.css,68,css,1ab418c6,zou99999,2025-04-11,20:05:55,-07:00,2025-04-11T20:05:55-07:00,0,0
style.css,69,css,1ab418c6,zou99999,2025-04-11,20:05:55,-07:00,2025-04-11T20:05:55-07:00,0,10
style.css,70,css,1ab418c6,zou99999,2025-04-11,20:05:55,-07:00,2025-04-11T20:05:55-07:00,0,13
style.css,71,css,1ab418c6,zou99999,2025-04-11,20:05:55,-07:00,2025-04-11T20:05:55-07:00,0,12
style.css,72,css,52578e19,zou99999,2025-04-11,23:35:46,-07:00,2025-04-11T23:35:46-07:00,0,13
style.css,73,css,1ab418c6,zou99999,2025-04-11,20:05:55,-07:00,2025-04-11T20:05:55-07:00,0,22
style.css,74,css,1ab418c6,zou99999,2025-04-11,20:05:55,-07:00,2025-04-11T20:05:55-07:00,0,14
style.css,75,css,1ab418c6,zou99999,2025-04-11,20:05:55,-07:00,2025-04-11T20:05:55-07:00,0,35
style.css,76,css,1ab418c6,zou99999,2025-04-11,20:05:55,-07:00,2025-04-11T20:05:55-07:00,0,21
style.css,77,css,1ab418c6,zou99999,2025-04-11,20:05:55,-07:00,2025-04-11T20:05:55-07:00,0,0
style.css,78,css,1ab418c6,zou99999,2025-04-11,20:05:55,-07:00,2025-04-11T20:05:55-07:00,0,0
style.css,79,css,1ab418c6,zou99999,2025-04-11,20:05:55,-07:00,2025-04-11T20:05:55-07:00,0,10
style.css,80,css,1ab418c6,zou99999,2025-04-11,20:05:55,-07:00,2025-04-11T20:05:55-07:00,0,14
style.css,81,css,1ab418c6,zou99999,2025-04-11,20:05:55,-07:00,2025-04-11T20:05:55-07:00,0,11
style.css,82,css,b2c59a03,zou99999,2025-04-11,23:13:20,-07:00,2025-04-11T23:13:20-07:00,0,14
style.css,83,css,1ab418c6,zou99999,2025-04-11,20:05:55,-07:00,2025-04-11T20:05:55-07:00,0,0
style.css,84,css,1ab418c6,zou99999,2025-04-11,20:05:55,-07:00,2025-04-11T20:05:55-07:00,0,0
style.css,85,css,1ab418c6,zou99999,2025-04-11,20:05:55,-07:00,2025-04-11T20:05:55-07:00,0,12
style.css,86,css,1ab418c6,zou99999,2025-04-11,20:05:55,-07:00,2025-04-11T20:05:55-07:00,0,21
style.css,87,css,1ab418c6,zou99999,2025-04-11,20:05:55,-07:00,2025-04-11T20:05:55-07:00,0,37
style.css,88,css,1ab418c6,zou99999,2025-04-11,20:05:55,-07:00,2025-04-11T20:05:55-07:00,0,12
style.css,89,css,1ab418c6,zou99999,2025-04-11,20:05:55,-07:00,2025-04-11T20:05:55-07:00,0,12
style.css,90,css,b2c59a03,zou99999,2025-04-11,23:13:20,-07:00,2025-04-11T23:13:20-07:00,0,21
style.css,91,css,b2c59a03,zou99999,2025-04-11,23:13:20,-07:00,2025-04-11T23:13:20-07:00,0,19
style.css,92,css,1ab418c6,zou99999,2025-04-11,20:05:55,-07:00,2025-04-11T20:05:55-07:00,0,19
style.css,93,css,1ab418c6,zou99999,2025-04-11,20:05:55,-07:00,2025-04-11T20:05:55-07:00,0,0
style.css,94,css,b2c59a03,zou99999,2025-04-11,23:13:20,-07:00,2025-04-11T23:13:20-07:00,0,0
style.css,95,css,fa0f4e7e,zou99999,2025-05-02,13:44:52,-07:00,2025-05-02T13:44:52-07:00,0,9
style.css,96,css,b2c59a03,zou99999,2025-04-11,23:13:20,-07:00,2025-04-11T23:13:20-07:00,0,13
style.css,97,css,b2c59a03,zou99999,2025-04-11,23:13:20,-07:00,2025-04-11T23:13:20-07:00,0,59
style.css,98,css,b2c59a03,zou99999,2025-04-11,23:13:20,-07:00,2025-04-11T23:13:20-07:00,0,10
style.css,99,css,b2c59a03,zou99999,2025-04-11,23:13:20,-07:00,2025-04-11T23:13:20-07:00,0,16
style.css,100,css,b2c59a03,zou99999,2025-04-11,23:13:20,-07:00,2025-04-11T23:13:20-07:00,0,0
style.css,101,css,b2c59a03,zou99999,2025-04-11,23:13:20,-07:00,2025-04-11T23:13:20-07:00,0,0
style.css,102,css,b2c59a03,zou99999,2025-04-11,23:13:20,-07:00,2025-04-11T23:13:20-07:00,0,18
style.css,103,css,b2c59a03,zou99999,2025-04-11,23:13:20,-07:00,2025-04-11T23:13:20-07:00,0,13
style.css,104,css,b2c59a03,zou99999,2025-04-11,23:13:20,-07:00,2025-04-11T23:13:20-07:00,0,27
style.css,105,css,b2c59a03,zou99999,2025-04-11,23:13:20,-07:00,2025-04-11T23:13:20-07:00,0,16
style.css,106,css,b2c59a03,zou99999,2025-04-11,23:13:20,-07:00,2025-04-11T23:13:20-07:00,0,0
style.css,107,css,b2c59a03,zou99999,2025-04-11,23:13:20,-07:00,2025-04-11T23:13:20-07:00,0,0
style.css,108,css,b2c59a03,zou99999,2025-04-11,23:13:20,-07:00,2025-04-11T23:13:20-07:00,0,13
style.css,109,css,b2c59a03,zou99999,2025-04-11,23:13:20,-07:00,2025-04-11T23:13:20-07:00,0,9
style.css,110,css,b2c59a03,zou99999,2025-04-11,23:13:20,-07:00,2025-04-11T23:13:20-07:00,0,0
style.css,111,css,b2c59a03,zou99999,2025-04-11,23:13:20,-07:00,2025-04-11T23:13:20-07:00,0,0
style.css,112,css,b2c59a03,zou99999,2025-04-11,23:13:20,-07:00,2025-04-11T23:13:20-07:00,0,14
style.css,113,css,b2c59a03,zou99999,2025-04-11,23:13:20,-07:00,2025-04-11T23:13:20-07:00,0,11
style.css,114,css,b2c59a03,zou99999,2025-04-11,23:13:20,-07:00,2025-04-11T23:13:20-07:00,0,14
style.css,115,css,b2c59a03,zou99999,2025-04-11,23:13:20,-07:00,2025-04-11T23:13:20-07:00,0,0
style.css,116,css,b2c59a03,zou99999,2025-04-11,23:13:20,-07:00,2025-04-11T23:13:20-07:00,0,0
style.css,117,css,b2c59a03,zou99999,2025-04-11,23:13:20,-07:00,2025-04-11T23:13:20-07:00,0,3
style.css,118,css,b2c59a03,zou99999,2025-04-11,23:13:20,-07:00,2025-04-11T23:13:20-07:00,0,15
style.css,119,css,b2c59a03,zou99999,2025-04-11,23:13:20,-07:00,2025-04-11T23:13:20-07:00,0,20
style.css,120,css,b2c59a03,zou99999,2025-04-11,23:13:20,-07:00,2025-04-11T23:13:20-07:00,0,0
style.css,121,css,b2c59a03,zou99999,2025-04-11,23:13:20,-07:00,2025-04-11T23:13:20-07:00,0,0
style.css,122,css,b2c59a03,zou99999,2025-04-11,23:13:20,-07:00,2025-04-11T23:13:20-07:00,0,23
style.css,123,css,b2c59a03,zou99999,2025-04-11,23:13:20,-07:00,2025-04-11T23:13:20-07:00,0,16
style.css,124,css,b2c59a03,zou99999,2025-04-11,23:13:20,-07:00,2025-04-11T23:13:20-07:00,0,18
style.css,125,css,b2c59a03,zou99999,2025-04-11,23:13:20,-07:00,2025-04-11T23:13:20-07:00,0,0
style.css,126,css,782b9779,zou99999,2025-04-18,20:48:41,-07:00,2025-04-18T20:48:41-07:00,0,0
style.css,127,css,782b9779,zou99999,2025-04-18,20:48:41,-07:00,2025-04-18T20:48:41-07:00,0,14
style.css,128,css,782b9779,zou99999,2025-04-18,20:48:41,-07:00,2025-04-18T20:48:41-07:00,0,18
style.css,129,css,782b9779,zou99999,2025-04-18,20:48:41,-07:00,2025-04-18T20:48:41-07:00,0,9
style.css,130,css,782b9779,zou99999,2025-04-18,20:48:41,-07:00,2025-04-18T20:48:41-07:00,0,11
style.css,131,css,782b9779,zou99999,2025-04-18,20:48:41,-07:00,2025-04-18T20:48:41-07:00,0,14
style.css,132,css,782b9779,zou99999,2025-04-18,20:48:41,-07:00,2025-04-18T20:48:41-07:00,0,20
style.css,133,css,4b04d48c,zou99999,2025-05-02,12:36:36,-07:00,2025-05-02T12:36:36-07:00,0,0
style.css,134,css,4b04d48c,zou99999,2025-05-02,12:36:36,-07:00,2025-05-02T12:36:36-07:00,0,0
style.css,135,css,4b04d48c,zou99999,2025-05-02,12:36:36,-07:00,2025-05-02T12:36:36-07:00,0,14
style.css,136,css,4b04d48c,zou99999,2025-05-02,12:36:36,-07:00,2025-05-02T12:36:36-07:00,0,11
style.css,137,css,4b04d48c,zou99999,2025-05-02,12:36:36,-07:00,2025-05-02T12:36:36-07:00,0,31
style.css,138,css,4b04d48c,zou99999,2025-05-02,12:36:36,-07:00,2025-05-02T12:36:36-07:00,0,35
style.css,139,css,53b5a383,zou99999,2025-05-02,12:43:20,-07:00,2025-05-02T12:43:20-07:00,0,0
style.css,140,css,53b5a383,zou99999,2025-05-02,12:43:20,-07:00,2025-05-02T12:43:20-07:00,0,0
style.css,141,css,bae86a5d,zou99999,2025-05-02,13:02:05,-07:00,2025-05-02T13:02:05-07:00,0,19
style.css,142,css,53b5a383,zou99999,2025-05-02,12:43:20,-07:00,2025-05-02T12:43:20-07:00,0,15
style.css,143,css,53b5a383,zou99999,2025-05-02,12:43:20,-07:00,2025-05-02T12:43:20-07:00,0,17
style.css,144,css,53b5a383,zou99999,2025-05-02,12:43:20,-07:00,2025-05-02T12:43:20-07:00,0,0
style.css,145,css,53b5a383,zou99999,2025-05-02,12:43:20,-07:00,2025-05-02T12:43:20-07:00,0,17
style.css,146,css,bae86a5d,zou99999,2025-05-02,13:02:05,-07:00,2025-05-02T13:02:05-07:00,0,0
style.css,147,css,bae86a5d,zou99999,2025-05-02,13:02:05,-07:00,2025-05-02T13:02:05-07:00,0,0
style.css,148,css,bae86a5d,zou99999,2025-05-02,13:02:05,-07:00,2025-05-02T13:02:05-07:00,0,0
style.css,149,css,bae86a5d,zou99999,2025-05-02,13:02:05,-07:00,2025-05-02T13:02:05-07:00,0,17
style.css,150,css,bae86a5d,zou99999,2025-05-02,13:02:05,-07:00,2025-05-02T13:02:05-07:00,0,13
style.css,151,css,bae86a5d,zou99999,2025-05-02,13:02:05,-07:00,2025-05-02T13:02:05-07:00,0,19
style.css,152,css,bae86a5d,zou99999,2025-05-02,13:02:05,-07:00,2025-05-02T13:02:05-07:00,0,8
style.css,153,css,bae86a5d,zou99999,2025-05-02,13:02:05,-07:00,2025-05-02T13:02:05-07:00,0,0
style.css,154,css,bae86a5d,zou99999,2025-05-02,13:02:05,-07:00,2025-05-02T13:02:05-07:00,0,0
style.css,155,css,bae86a5d,zou99999,2025-05-02,13:02:05,-07:00,2025-05-02T13:02:05-07:00,0,8
style.css,156,css,bae86a5d,zou99999,2025-05-02,13:02:05,-07:00,2025-05-02T13:02:05-07:00,0,13
style.css,157,css,bae86a5d,zou99999,2025-05-02,13:02:05,-07:00,2025-05-02T13:02:05-07:00,0,58
style.css,158,css,bae86a5d,zou99999,2025-05-02,13:02:05,-07:00,2025-05-02T13:02:05-07:00,0,22
style.css,159,css,bae86a5d,zou99999,2025-05-02,13:02:05,-07:00,2025-05-02T13:02:05-07:00,0,12
style.css,160,css,bae86a5d,zou99999,2025-05-02,13:02:05,-07:00,2025-05-02T13:02:05-07:00,0,13
style.css,161,css,bae86a5d,zou99999,2025-05-02,13:02:05,-07:00,2025-05-02T13:02:05-07:00,0,7
style.css,162,css,bae86a5d,zou99999,2025-05-02,13:02:05,-07:00,2025-05-02T13:02:05-07:00,0,16
style.css,163,css,bae86a5d,zou99999,2025-05-02,13:02:05,-07:00,2025-05-02T13:02:05-07:00,0,0
style.css,164,css,bae86a5d,zou99999,2025-05-02,13:02:05,-07:00,2025-05-02T13:02:05-07:00,0,0
style.css,165,css,bae86a5d,zou99999,2025-05-02,13:02:05,-07:00,2025-05-02T13:02:05-07:00,0,13
style.css,166,css,bae86a5d,zou99999,2025-05-02,13:02:05,-07:00,2025-05-02T13:02:05-07:00,0,13
style.css,167,css,bae86a5d,zou99999,2025-05-02,13:02:05,-07:00,2025-05-02T13:02:05-07:00,0,19
style.css,168,css,bae86a5d,zou99999,2025-05-02,13:02:05,-07:00,2025-05-02T13:02:05-07:00,0,10
style.css,169,css,bae86a5d,zou99999,2025-05-02,13:02:05,-07:00,2025-05-02T13:02:05-07:00,0,0
style.css,170,css,bae86a5d,zou99999,2025-05-02,13:02:05,-07:00,2025-05-02T13:02:05-07:00,0,0
style.css,171,css,bae86a5d,zou99999,2025-05-02,13:02:05,-07:00,2025-05-02T13:02:05-07:00,0,21
style.css,172,css,bae86a5d,zou99999,2025-05-02,13:02:05,-07:00,2025-05-02T13:02:05-07:00,0,21
style.css,173,css,bae86a5d,zou99999,2025-05-02,13:02:05,-07:00,2025-05-02T13:02:05-07:00,0,10
style.css,174,css,bae86a5d,zou99999,2025-05-02,13:02:05,-07:00,2025-05-02T13:02:05-07:00,0,11
style.css,175,css,bae86a5d,zou99999,2025-05-02,13:02:05,-07:00,2025-05-02T13:02:05-07:00,0,19
style.css,176,css,bae86a5d,zou99999,2025-05-02,13:02:05,-07:00,2025-05-02T13:02:05-07:00,0,30
style.css,177,css,bae86a5d,zou99999,2025-05-02,13:02:05,-07:00,2025-05-02T13:02:05-07:00,0,18
style.css,178,css,b03d3ccd,zou99999,2025-05-02,13:07:30,-07:00,2025-05-02T13:07:30-07:00,0,0
style.css,179,css,b03d3ccd,zou99999,2025-05-02,13:07:30,-07:00,2025-05-02T13:07:30-07:00,0,0
style.css,180,css,b03d3ccd,zou99999,2025-05-02,13:07:30,-07:00,2025-05-02T13:07:30-07:00,0,15
style.css,181,css,f017a2af,zou99999,2025-05-02,13:41:27,-07:00,2025-05-02T13:41:27-07:00,0,12
style.css,182,css,f017a2af,zou99999,2025-05-02,13:41:27,-07:00,2025-05-02T13:41:27-07:00,0,13
style.css,183,css,702888e6,zou99999,2025-05-02,21:51:51,-07:00,2025-05-02T21:51:51-07:00,0,0
style.css,184,css,702888e6,zou99999,2025-05-02,21:51:51,-07:00,2025-05-02T21:51:51-07:00,0,0
style.css,185,css,702888e6,zou99999,2025-05-02,21:51:51,-07:00,2025-05-02T21:51:51-07:00,0,0
style.css,186,css,702888e6,zou99999,2025-05-02,21:51:51,-07:00,2025-05-02T21:51:51-07:00,0,11
style.css,187,css,702888e6,zou99999,2025-05-02,21:51:51,-07:00,2025-05-02T21:51:51-07:00,0,11
style.css,188,css,702888e6,zou99999,2025-05-02,21:51:51,-07:00,2025-05-02T21:51:51-07:00,0,15
style.css,189,css,702888e6,zou99999,2025-05-02,21:51:51,-07:00,2025-05-02T21:51:51-07:00,0,14
style.css,190,css,702888e6,zou99999,2025-05-02,21:51:51,-07:00,2025-05-02T21:51:51-07:00,0,13
style.css,191,css,702888e6,zou99999,2025-05-02,21:51:51,-07:00,2025-05-02T21:51:51-07:00,0,22
style.css,192,css,702888e6,zou99999,2025-05-02,21:51:51,-07:00,2025-05-02T21:51:51-07:00,0,17
style.css,193,css,989d8a51,zou99999,2025-05-02,21:59:19,-07:00,2025-05-02T21:59:19-07:00,0,0
style.css,194,css,989d8a51,zou99999,2025-05-02,21:59:19,-07:00,2025-05-02T21:59:19-07:00,0,0
style.css,195,css,989d8a51,zou99999,2025-05-02,21:59:19,-07:00,2025-05-02T21:59:19-07:00,0,37
style.css,196,css,989d8a51,zou99999,2025-05-02,21:59:19,-07:00,2025-05-02T21:59:19-07:00,0,12
style.css,197,css,989d8a51,zou99999,2025-05-02,21:59:19,-07:00,2025-05-02T21:59:19-07:00,0,0
style.css,198,css,989d8a51,zou99999,2025-05-02,21:59:19,-07:00,2025-05-02T21:59:19-07:00,0,0
style.css,199,css,989d8a51,zou99999,2025-05-02,21:59:19,-07:00,2025-05-02T21:59:19-07:00,0,5
style.css,200,css,989d8a51,zou99999,2025-05-02,21:59:19,-07:00,2025-05-02T21:59:19-07:00,0,17
style.css,201,css,989d8a51,zou99999,2025-05-02,21:59:19,-07:00,2025-05-02T21:59:19-07:00,0,15
style.css,202,css,989d8a51,zou99999,2025-05-02,21:59:19,-07:00,2025-05-02T21:59:19-07:00,0,0
style.css,203,css,989d8a51,zou99999,2025-05-02,21:59:19,-07:00,2025-05-02T21:59:19-07:00,0,0
style.css,204,css,989d8a51,zou99999,2025-05-02,21:59:19,-07:00,2025-05-02T21:59:19-07:00,0,30
style.css,205,css,989d8a51,zou99999,2025-05-02,21:59:19,-07:00,2025-05-02T21:59:19-07:00,0,10
style.css,206,css,989d8a51,zou99999,2025-05-02,21:59:19,-07:00,2025-05-02T21:59:19-07:00,0,36
style.css,207,css,989d8a51,zou99999,2025-05-02,21:59:19,-07:00,2025-05-02T21:59:19-07:00,0,0
style.css,208,css,989d8a51,zou99999,2025-05-02,21:59:19,-07:00,2025-05-02T21:59:19-07:00,0,0
style.css,209,css,989d8a51,zou99999,2025-05-02,21:59:19,-07:00,2025-05-02T21:59:19-07:00,0,19
style.css,210,css,989d8a51,zou99999,2025-05-02,21:59:19,-07:00,2025-05-02T21:59:19-07:00,0,18
style.css,211,css,989d8a51,zou99999,2025-05-02,21:59:19,-07:00,2025-05-02T21:59:19-07:00,0,0
style.css,212,css,989d8a51,zou99999,2025-05-02,21:59:19,-07:00,2025-05-02T21:59:19-07:00,0,0
style.css,213,css,989d8a51,zou99999,2025-05-02,21:59:19,-07:00,2025-05-02T21:59:19-07:00,0,17
style.css,214,css,989d8a51,zou99999,2025-05-02,21:59:19,-07:00,2025-05-02T21:59:19-07:00,0,17
style.css,215,css,989d8a51,zou99999,2025-05-02,21:59:19,-07:00,2025-05-02T21:59:19-07:00,0,21
style.css,216,css,f017a2af,zou99999,2025-05-02,13:41:27,-07:00,2025-05-02T13:41:27-07:00,0,0
index.html,1,html,b017d8ac,zou99999,2025-04-04,20:27:40,-07:00,2025-04-04T20:27:40-07:00,0,14
index.html,2,html,b017d8ac,zou99999,2025-04-04,20:27:40,-07:00,2025-04-04T20:27:40-07:00,0,15
index.html,3,html,b017d8ac,zou99999,2025-04-04,20:27:40,-07:00,2025-04-04T20:27:40-07:00,0,5
index.html,4,html,ef2b356e,zou99999,2025-04-04,21:08:24,-07:00,2025-04-04T21:08:24-07:00,0,21
index.html,5,html,ef2b356e,zou99999,2025-04-04,21:08:24,-07:00,2025-04-04T21:08:24-07:00,0,69
index.html,6,html,ef2b356e,zou99999,2025-04-04,21:08:24,-07:00,2025-04-04T21:08:24-07:00,0,52
index.html,7,html,ef2b356e,zou99999,2025-04-04,21:08:24,-07:00,2025-04-04T21:08:24-07:00,0,39
index.html,8,html,b017d8ac,zou99999,2025-04-04,20:27:40,-07:00,2025-04-04T20:27:40-07:00,0,6
index.html,9,html,b017d8ac,zou99999,2025-04-04,20:27:40,-07:00,2025-04-04T20:27:40-07:00,0,5
index.html,10,html,ef2b356e,zou99999,2025-04-04,21:08:24,-07:00,2025-04-04T21:08:24-07:00,0,17
index.html,11,html,ef2b356e,zou99999,2025-04-04,21:08:24,-07:00,2025-04-04T21:08:24-07:00,0,156
index.html,12,html,ef2b356e,zou99999,2025-04-04,21:08:24,-07:00,2025-04-04T21:08:24-07:00,0,0
index.html,13,html,941051ec,zou99999,2025-04-04,21:10:09,-07:00,2025-04-04T21:10:09-07:00,0,56
index.html,14,html,37d740cd,zou99999,2025-04-04,21:14:28,-07:00,2025-04-04T21:14:28-07:00,0,17
index.html,15,html,18035fe9,zou99999,2025-04-25,15:08:52,-07:00,2025-04-25T15:08:52-07:00,0,0
index.html,16,html,4a97e51a,zou99999,2025-04-25,15:18:06,-07:00,2025-04-25T15:18:06-07:00,0,23
index.html,17,html,18035fe9,zou99999,2025-04-25,15:08:52,-07:00,2025-04-25T15:08:52-07:00,0,21
index.html,18,html,18035fe9,zou99999,2025-04-25,15:08:52,-07:00,2025-04-25T15:08:52-07:00,0,65
index.html,19,html,18035fe9,zou99999,2025-04-25,15:08:52,-07:00,2025-04-25T15:08:52-07:00,0,5
index.html,20,html,4a97e51a,zou99999,2025-04-25,15:18:06,-07:00,2025-04-25T15:18:06-07:00,0,29
index.html,21,html,18035fe9,zou99999,2025-04-25,15:08:52,-07:00,2025-04-25T15:08:52-07:00,0,52
index.html,22,html,2befdc22,zou99999,2025-04-25,15:10:49,-07:00,2025-04-25T15:10:49-07:00,0,60
index.html,23,html,b017d8ac,zou99999,2025-04-04,20:27:40,-07:00,2025-04-04T20:27:40-07:00,0,6
index.html,24,html,b017d8ac,zou99999,2025-04-04,20:27:40,-07:00,2025-04-04T20:27:40-07:00,0,6
global.js,1,js,a16d5135,zou99999,2025-04-18,19:46:59,-07:00,2025-04-18T19:46:59-07:00,0,26
global.js,2,js,a16d5135,zou99999,2025-04-18,19:46:59,-07:00,2025-04-18T19:46:59-07:00,0,0
global.js,3,js,a16d5135,zou99999,2025-04-18,19:46:59,-07:00,2025-04-18T19:46:59-07:00,0,42
global.js,4,js,a16d5135,zou99999,2025-04-18,19:46:59,-07:00,2025-04-18T19:46:59-07:00,0,53
global.js,5,js,1a8e087a,zou99999,2025-04-18,19:52:15,-07:00,2025-04-18T19:52:15-07:00,0,0
global.js,6,js,1a8e087a,zou99999,2025-04-18,19:52:15,-07:00,2025-04-18T19:52:15-07:00,0,0
global.js,7,js,69c8e7c0,zou99999,2025-04-18,20:08:42,-07:00,2025-04-18T20:08:42-07:00,0,30
global.js,8,js,1a8e087a,zou99999,2025-04-18,19:52:15,-07:00,2025-04-18T19:52:15-07:00,0,0
global.js,9,js,69c8e7c0,zou99999,2025-04-18,20:08:42,-07:00,2025-04-18T20:08:42-07:00,0,35
global.js,10,js,69c8e7c0,zou99999,2025-04-18,20:08:42,-07:00,2025-04-18T20:08:42-07:00,0,68
global.js,11,js,69c8e7c0,zou99999,2025-04-18,20:08:42,-07:00,2025-04-18T20:08:42-07:00,0,3
global.js,12,js,1a8e087a,zou99999,2025-04-18,19:52:15,-07:00,2025-04-18T19:52:15-07:00,0,0
global.js,13,js,69c8e7c0,zou99999,2025-04-18,20:08:42,-07:00,2025-04-18T20:08:42-07:00,0,19
global.js,14,js,69c8e7c0,zou99999,2025-04-18,20:08:42,-07:00,2025-04-18T20:08:42-07:00,0,38
global.js,15,js,69c8e7c0,zou99999,2025-04-18,20:08:42,-07:00,2025-04-18T20:08:42-07:00,0,2
global.js,16,js,69c8e7c0,zou99999,2025-04-18,20:08:42,-07:00,2025-04-18T20:08:42-07:00,0,0
global.js,17,js,69c8e7c0,zou99999,2025-04-18,20:08:42,-07:00,2025-04-18T20:08:42-07:00,0,0
global.js,18,js,69c8e7c0,zou99999,2025-04-18,20:08:42,-07:00,2025-04-18T20:08:42-07:00,0,12
global.js,19,js,69c8e7c0,zou99999,2025-04-18,20:08:42,-07:00,2025-04-18T20:08:42-07:00,0,26
global.js,20,js,69c8e7c0,zou99999,2025-04-18,20:08:42,-07:00,2025-04-18T20:08:42-07:00,0,39
global.js,21,js,37a2729f,zou99999,2025-04-18,20:19:45,-07:00,2025-04-18T20:19:45-07:00,0,35
global.js,22,js,37a2729f,zou99999,2025-04-18,20:19:45,-07:00,2025-04-18T20:19:45-07:00,0,37
global.js,23,js,feabcd5d,zou99999,2025-05-09,21:38:05,-07:00,2025-05-09T21:38:05-07:00,0,30
global.js,24,js,2e5474eb,zou99999,2025-04-18,20:26:56,-07:00,2025-04-18T20:26:56-07:00,0,53
global.js,25,js,69c8e7c0,zou99999,2025-04-18,20:08:42,-07:00,2025-04-18T20:08:42-07:00,0,1
global.js,26,js,69c8e7c0,zou99999,2025-04-18,20:08:42,-07:00,2025-04-18T20:08:42-07:00,0,0
global.js,27,js,37a2729f,zou99999,2025-04-18,20:19:45,-07:00,2025-04-18T20:19:45-07:00,0,89
global.js,28,js,37a2729f,zou99999,2025-04-18,20:19:45,-07:00,2025-04-18T20:19:45-07:00,0,37
global.js,29,js,8df362ce,zou99999,2025-04-18,20:32:01,-07:00,2025-04-18T20:32:01-07:00,0,49
global.js,30,js,37a2729f,zou99999,2025-04-18,20:19:45,-07:00,2025-04-18T20:19:45-07:00,0,0
global.js,31,js,69c8e7c0,zou99999,2025-04-18,20:08:42,-07:00,2025-04-18T20:08:42-07:00,0,39
global.js,32,js,69c8e7c0,zou99999,2025-04-18,20:08:42,-07:00,2025-04-18T20:08:42-07:00,0,26
global.js,33,js,69c8e7c0,zou99999,2025-04-18,20:08:42,-07:00,2025-04-18T20:08:42-07:00,0,0
global.js,34,js,69c8e7c0,zou99999,2025-04-18,20:08:42,-07:00,2025-04-18T20:08:42-07:00,0,21
global.js,35,js,69c8e7c0,zou99999,2025-04-18,20:08:42,-07:00,2025-04-18T20:08:42-07:00,0,15
global.js,36,js,69c8e7c0,zou99999,2025-04-18,20:08:42,-07:00,2025-04-18T20:08:42-07:00,0,19
global.js,37,js,2e5474eb,zou99999,2025-04-18,20:26:56,-07:00,2025-04-18T20:26:56-07:00,0,0
global.js,38,js,37a2729f,zou99999,2025-04-18,20:19:45,-07:00,2025-04-18T20:19:45-07:00,0,32
global.js,39,js,37a2729f,zou99999,2025-04-18,20:19:45,-07:00,2025-04-18T20:19:45-07:00,0,53
global.js,40,js,37a2729f,zou99999,2025-04-18,20:19:45,-07:00,2025-04-18T20:19:45-07:00,0,0
global.js,41,js,37a2729f,zou99999,2025-04-18,20:19:45,-07:00,2025-04-18T20:19:45-07:00,0,31
global.js,42,js,2e5474eb,zou99999,2025-04-18,20:26:56,-07:00,2025-04-18T20:26:56-07:00,0,35
global.js,43,js,2e5474eb,zou99999,2025-04-18,20:26:56,-07:00,2025-04-18T20:26:56-07:00,0,12
global.js,44,js,2e5474eb,zou99999,2025-04-18,20:26:56,-07:00,2025-04-18T20:26:56-07:00,0,21
global.js,45,js,2e5474eb,zou99999,2025-04-18,20:26:56,-07:00,2025-04-18T20:26:56-07:00,0,0
global.js,46,js,2e5474eb,zou99999,2025-04-18,20:26:56,-07:00,2025-04-18T20:26:56-07:00,0,24
global.js,47,js,2e5474eb,zou99999,2025-04-18,20:26:56,-07:00,2025-04-18T20:26:56-07:00,0,18
global.js,48,js,2e5474eb,zou99999,2025-04-18,20:26:56,-07:00,2025-04-18T20:26:56-07:00,0,9
global.js,49,js,2e5474eb,zou99999,2025-04-18,20:26:56,-07:00,2025-04-18T20:26:56-07:00,0,59
global.js,50,js,2e5474eb,zou99999,2025-04-18,20:26:56,-07:00,2025-04-18T20:26:56-07:00,0,1
global.js,51,js,2e5474eb,zou99999,2025-04-18,20:26:56,-07:00,2025-04-18T20:26:56-07:00,0,0
global.js,52,js,2e5474eb,zou99999,2025-04-18,20:26:56,-07:00,2025-04-18T20:26:56-07:00,0,34
global.js,53,js,2e5474eb,zou99999,2025-04-18,20:26:56,-07:00,2025-04-18T20:26:56-07:00,0,17
global.js,54,js,2e5474eb,zou99999,2025-04-18,20:26:56,-07:00,2025-04-18T20:26:56-07:00,0,8
global.js,55,js,2e5474eb,zou99999,2025-04-18,20:26:56,-07:00,2025-04-18T20:26:56-07:00,0,23
global.js,56,js,2e5474eb,zou99999,2025-04-18,20:26:56,-07:00,2025-04-18T20:26:56-07:00,0,1
global.js,57,js,2e5474eb,zou99999,2025-04-18,20:26:56,-07:00,2025-04-18T20:26:56-07:00,0,0
global.js,58,js,2e5474eb,zou99999,2025-04-18,20:26:56,-07:00,2025-04-18T20:26:56-07:00,0,13
global.js,59,js,539e2db8,zou99999,2025-04-18,20:42:24,-07:00,2025-04-18T20:42:24-07:00,0,0
global.js,60,js,539e2db8,zou99999,2025-04-18,20:42:24,-07:00,2025-04-18T20:42:24-07:00,0,0
global.js,61,js,539e2db8,zou99999,2025-04-18,20:42:24,-07:00,2025-04-18T20:42:24-07:00,0,32
global.js,62,js,539e2db8,zou99999,2025-04-18,20:42:24,-07:00,2025-04-18T20:42:24-07:00,0,12
global.js,63,js,539e2db8,zou99999,2025-04-18,20:42:24,-07:00,2025-04-18T20:42:24-07:00,0,0
global.js,64,js,539e2db8,zou99999,2025-04-18,20:42:24,-07:00,2025-04-18T20:42:24-07:00,0,27
global.js,65,js,539e2db8,zou99999,2025-04-18,20:42:24,-07:00,2025-04-18T20:42:24-07:00,0,5
global.js,66,js,539e2db8,zou99999,2025-04-18,20:42:24,-07:00,2025-04-18T20:42:24-07:00,0,7
global.js,67,js,539e2db8,zou99999,2025-04-18,20:42:24,-07:00,2025-04-18T20:42:24-07:00,0,44
global.js,68,js,539e2db8,zou99999,2025-04-18,20:42:24,-07:00,2025-04-18T20:42:24-07:00,0,35
global.js,69,js,539e2db8,zou99999,2025-04-18,20:42:24,-07:00,2025-04-18T20:42:24-07:00,0,33
global.js,70,js,539e2db8,zou99999,2025-04-18,20:42:24,-07:00,2025-04-18T20:42:24-07:00,0,8
global.js,71,js,539e2db8,zou99999,2025-04-18,20:42:24,-07:00,2025-04-18T20:42:24-07:00,0,7
global.js,72,js,539e2db8,zou99999,2025-04-18,20:42:24,-07:00,2025-04-18T20:42:24-07:00,0,0
global.js,73,js,782b9779,zou99999,2025-04-18,20:48:41,-07:00,2025-04-18T20:48:41-07:00,0,1
global.js,74,js,782b9779,zou99999,2025-04-18,20:48:41,-07:00,2025-04-18T20:48:41-07:00,0,0
global.js,75,js,782b9779,zou99999,2025-04-18,20:48:41,-07:00,2025-04-18T20:48:41-07:00,0,0
global.js,76,js,05154603,zou99999,2025-04-18,20:56:21,-07:00,2025-04-18T20:56:21-07:00,0,0
global.js,77,js,782b9779,zou99999,2025-04-18,20:48:41,-07:00,2025-04-18T20:48:41-07:00,0,59
global.js,78,js,782b9779,zou99999,2025-04-18,20:48:41,-07:00,2025-04-18T20:48:41-07:00,0,0
global.js,79,js,39a02b6b,zou99999,2025-04-18,20:58:44,-07:00,2025-04-18T20:58:44-07:00,0,25
global.js,80,js,782b9779,zou99999,2025-04-18,20:48:41,-07:00,2025-04-18T20:48:41-07:00,0,32
global.js,81,js,05154603,zou99999,2025-04-18,20:56:21,-07:00,2025-04-18T20:56:21-07:00,0,23
global.js,82,js,39a02b6b,zou99999,2025-04-18,20:58:44,-07:00,2025-04-18T20:58:44-07:00,0,73
global.js,83,js,39a02b6b,zou99999,2025-04-18,20:58:44,-07:00,2025-04-18T20:58:44-07:00,0,61
global.js,84,js,39a02b6b,zou99999,2025-04-18,20:58:44,-07:00,2025-04-18T20:58:44-07:00,0,7
global.js,85,js,39a02b6b,zou99999,2025-04-18,20:58:44,-07:00,2025-04-18T20:58:44-07:00,0,21
global.js,86,js,39a02b6b,zou99999,2025-04-18,20:58:44,-07:00,2025-04-18T20:58:44-07:00,0,66
global.js,87,js,05154603,zou99999,2025-04-18,20:56:21,-07:00,2025-04-18T20:56:21-07:00,0,0
global.js,88,js,05154603,zou99999,2025-04-18,20:56:21,-07:00,2025-04-18T20:56:21-07:00,0,0
global.js,89,js,782b9779,zou99999,2025-04-18,20:48:41,-07:00,2025-04-18T20:48:41-07:00,0,33
global.js,90,js,39a02b6b,zou99999,2025-04-18,20:58:44,-07:00,2025-04-18T20:58:44-07:00,0,21
global.js,91,js,782b9779,zou99999,2025-04-18,20:48:41,-07:00,2025-04-18T20:48:41-07:00,0,0
global.js,92,js,782b9779,zou99999,2025-04-18,20:48:41,-07:00,2025-04-18T20:48:41-07:00,0,0
global.js,93,js,05154603,zou99999,2025-04-18,20:56:21,-07:00,2025-04-18T20:56:21-07:00,0,36
global.js,94,js,782b9779,zou99999,2025-04-18,20:48:41,-07:00,2025-04-18T20:48:41-07:00,0,35
global.js,95,js,782b9779,zou99999,2025-04-18,20:48:41,-07:00,2025-04-18T20:48:41-07:00,0,40
global.js,96,js,05154603,zou99999,2025-04-18,20:56:21,-07:00,2025-04-18T20:56:21-07:00,0,7
global.js,97,js,39a02b6b,zou99999,2025-04-18,20:58:44,-07:00,2025-04-18T20:58:44-07:00,0,61
global.js,98,js,782b9779,zou99999,2025-04-18,20:48:41,-07:00,2025-04-18T20:48:41-07:00,0,0
global.js,99,js,782b9779,zou99999,2025-04-18,20:48:41,-07:00,2025-04-18T20:48:41-07:00,0,0
global.js,100,js,39a02b6b,zou99999,2025-04-18,20:58:44,-07:00,2025-04-18T20:58:44-07:00,0,39
global.js,101,js,782b9779,zou99999,2025-04-18,20:48:41,-07:00,2025-04-18T20:48:41-07:00,0,50
global.js,102,js,782b9779,zou99999,2025-04-18,20:48:41,-07:00,2025-04-18T20:48:41-07:00,0,34
global.js,103,js,eba21832,zou99999,2025-04-25,13:20:09,-07:00,2025-04-25T13:20:09-07:00,0,2
global.js,104,js,eba21832,zou99999,2025-04-25,13:20:09,-07:00,2025-04-25T13:20:09-07:00,0,0
global.js,105,js,eba21832,zou99999,2025-04-25,13:20:09,-07:00,2025-04-25T13:20:09-07:00,0,0
global.js,106,js,eba21832,zou99999,2025-04-25,13:20:09,-07:00,2025-04-25T13:20:09-07:00,0,37
global.js,107,js,eba21832,zou99999,2025-04-25,13:20:09,-07:00,2025-04-25T13:20:09-07:00,0,4
global.js,108,js,eba21832,zou99999,2025-04-25,13:20:09,-07:00,2025-04-25T13:20:09-07:00,0,40
global.js,109,js,eba21832,zou99999,2025-04-25,13:20:09,-07:00,2025-04-25T13:20:09-07:00,0,33
global.js,110,js,eba21832,zou99999,2025-04-25,13:20:09,-07:00,2025-04-25T13:20:09-07:00,0,18
global.js,111,js,eba21832,zou99999,2025-04-25,13:20:09,-07:00,2025-04-25T13:20:09-07:00,0,67
global.js,112,js,eba21832,zou99999,2025-04-25,13:20:09,-07:00,2025-04-25T13:20:09-07:00,0,0
global.js,113,js,0b07fbd5,zou99999,2025-04-25,14:03:35,-07:00,2025-04-25T14:03:35-07:00,0,34
global.js,114,js,0b07fbd5,zou99999,2025-04-25,14:03:35,-07:00,2025-04-25T14:03:35-07:00,0,11
global.js,115,js,eba21832,zou99999,2025-04-25,13:20:09,-07:00,2025-04-25T13:20:09-07:00,0,16
global.js,116,js,eba21832,zou99999,2025-04-25,13:20:09,-07:00,2025-04-25T13:20:09-07:00,0,60
global.js,117,js,eba21832,zou99999,2025-04-25,13:20:09,-07:00,2025-04-25T13:20:09-07:00,0,0
global.js,118,js,eba21832,zou99999,2025-04-25,13:20:09,-07:00,2025-04-25T13:20:09-07:00,0,0
global.js,119,js,b906f6e8,zou99999,2025-04-25,13:36:17,-07:00,2025-04-25T13:36:17-07:00,0,0
global.js,120,js,4a97e51a,zou99999,2025-04-25,15:18:06,-07:00,2025-04-25T15:18:06-07:00,0,48
global.js,121,js,4a97e51a,zou99999,2025-04-25,15:18:06,-07:00,2025-04-25T15:18:06-07:00,0,60
global.js,122,js,4a97e51a,zou99999,2025-04-25,15:18:06,-07:00,2025-04-25T15:18:06-07:00,0,0
global.js,123,js,4a97e51a,zou99999,2025-04-25,15:18:06,-07:00,2025-04-25T15:18:06-07:00,0,0
global.js,124,js,b906f6e8,zou99999,2025-04-25,13:36:17,-07:00,2025-04-25T13:36:17-07:00,0,0
global.js,125,js,9ac94052,zou99999,2025-04-25,14:51:14,-07:00,2025-04-25T14:51:14-07:00,0,80
global.js,126,js,b906f6e8,zou99999,2025-04-25,13:36:17,-07:00,2025-04-25T13:36:17-07:00,0,23
global.js,127,js,b906f6e8,zou99999,2025-04-25,13:36:17,-07:00,2025-04-25T13:36:17-07:00,0,51
global.js,128,js,b906f6e8,zou99999,2025-04-25,13:36:17,-07:00,2025-04-25T13:36:17-07:00,0,6
global.js,129,js,b906f6e8,zou99999,2025-04-25,13:36:17,-07:00,2025-04-25T13:36:17-07:00,0,0
global.js,130,js,b906f6e8,zou99999,2025-04-25,13:36:17,-07:00,2025-04-25T13:36:17-07:00,0,58
global.js,131,js,b906f6e8,zou99999,2025-04-25,13:36:17,-07:00,2025-04-25T13:36:17-07:00,0,0
global.js,132,js,b906f6e8,zou99999,2025-04-25,13:36:17,-07:00,2025-04-25T13:36:17-07:00,0,40
global.js,133,js,b906f6e8,zou99999,2025-04-25,13:36:17,-07:00,2025-04-25T13:36:17-07:00,0,61
global.js,134,js,b906f6e8,zou99999,2025-04-25,13:36:17,-07:00,2025-04-25T13:36:17-07:00,0,6
global.js,135,js,b906f6e8,zou99999,2025-04-25,13:36:17,-07:00,2025-04-25T13:36:17-07:00,0,0
global.js,136,js,b906f6e8,zou99999,2025-04-25,13:36:17,-07:00,2025-04-25T13:36:17-07:00,0,0
global.js,137,js,b906f6e8,zou99999,2025-04-25,13:36:17,-07:00,2025-04-25T13:36:17-07:00,0,30
global.js,138,js,b906f6e8,zou99999,2025-04-25,13:36:17,-07:00,2025-04-25T13:36:17-07:00,0,49
global.js,139,js,b906f6e8,zou99999,2025-04-25,13:36:17,-07:00,2025-04-25T13:36:17-07:00,0,20
global.js,140,js,b906f6e8,zou99999,2025-04-25,13:36:17,-07:00,2025-04-25T13:36:17-07:00,0,50
global.js,141,js,b906f6e8,zou99999,2025-04-25,13:36:17,-07:00,2025-04-25T13:36:17-07:00,0,50
global.js,142,js,b13a5657,zou99999,2025-05-02,12:36:03,-07:00,2025-05-02T12:36:03-07:00,0,30
global.js,143,js,b906f6e8,zou99999,2025-04-25,13:36:17,-07:00,2025-04-25T13:36:17-07:00,0,28
global.js,144,js,b13a5657,zou99999,2025-05-02,12:36:03,-07:00,2025-05-02T12:36:03-07:00,0,42
global.js,145,js,b13a5657,zou99999,2025-05-02,12:36:03,-07:00,2025-05-02T12:36:03-07:00,0,5
global.js,146,js,b906f6e8,zou99999,2025-04-25,13:36:17,-07:00,2025-04-25T13:36:17-07:00,0,1
global.js,147,js,b906f6e8,zou99999,2025-04-25,13:36:17,-07:00,2025-04-25T13:36:17-07:00,0,37
global.js,148,js,b906f6e8,zou99999,2025-04-25,13:36:17,-07:00,2025-04-25T13:36:17-07:00,0,2
global.js,149,js,b906f6e8,zou99999,2025-04-25,13:36:17,-07:00,2025-04-25T13:36:17-07:00,0,0
resume/index.html,1,html,e9e8f848,zou99999,2025-04-04,21:21:43,-07:00,2025-04-04T21:21:43-07:00,0,14
resume/index.html,2,html,e9e8f848,zou99999,2025-04-04,21:21:43,-07:00,2025-04-04T21:21:43-07:00,0,15
resume/index.html,3,html,137b6593,zou99999,2025-04-11,23:32:23,-07:00,2025-04-11T23:32:23-07:00,0,5
resume/index.html,4,html,137b6593,zou99999,2025-04-11,23:32:23,-07:00,2025-04-11T23:32:23-07:00,0,21
resume/index.html,5,html,137b6593,zou99999,2025-04-11,23:32:23,-07:00,2025-04-11T23:32:23-07:00,0,32
resume/index.html,6,html,137b6593,zou99999,2025-04-11,23:32:23,-07:00,2025-04-11T23:32:23-07:00,0,42
resume/index.html,7,html,137b6593,zou99999,2025-04-11,23:32:23,-07:00,2025-04-11T23:32:23-07:00,0,6
resume/index.html,8,html,e9e8f848,zou99999,2025-04-04,21:21:43,-07:00,2025-04-04T21:21:43-07:00,0,5
resume/index.html,9,html,e9e8f848,zou99999,2025-04-04,21:21:43,-07:00,2025-04-04T21:21:43-07:00,0,0
resume/index.html,10,html,e9e8f848,zou99999,2025-04-04,21:21:43,-07:00,2025-04-04T21:21:43-07:00,0,26
resume/index.html,11,html,e9e8f848,zou99999,2025-04-04,21:21:43,-07:00,2025-04-04T21:21:43-07:00,0,0
resume/index.html,12,html,ff8b3633,zou99999,2025-04-11,23:22:16,-07:00,2025-04-11T23:22:16-07:00,0,0
resume/index.html,13,html,e9e8f848,zou99999,2025-04-04,21:21:43,-07:00,2025-04-04T21:21:43-07:00,0,0
resume/index.html,14,html,e9e8f848,zou99999,2025-04-04,21:21:43,-07:00,2025-04-04T21:21:43-07:00,0,25
resume/index.html,15,html,e9e8f848,zou99999,2025-04-04,21:21:43,-07:00,2025-04-04T21:21:43-07:00,0,8
resume/index.html,16,html,e9e8f848,zou99999,2025-04-04,21:21:43,-07:00,2025-04-04T21:21:43-07:00,0,7
resume/index.html,17,html,e9e8f848,zou99999,2025-04-04,21:21:43,-07:00,2025-04-04T21:21:43-07:00,0,17
resume/index.html,18,html,e9e8f848,zou99999,2025-04-04,21:21:43,-07:00,2025-04-04T21:21:43-07:00,0,8
resume/index.html,19,html,e9e8f848,zou99999,2025-04-04,21:21:43,-07:00,2025-04-04T21:21:43-07:00,0,8
resume/index.html,20,html,e9e8f848,zou99999,2025-04-04,21:21:43,-07:00,2025-04-04T21:21:43-07:00,0,43
resume/index.html,21,html,e9e8f848,zou99999,2025-04-04,21:21:43,-07:00,2025-04-04T21:21:43-07:00,0,26
resume/index.html,22,html,e9e8f848,zou99999,2025-04-04,21:21:43,-07:00,2025-04-04T21:21:43-07:00,0,84
resume/index.html,23,html,e9e8f848,zou99999,2025-04-04,21:21:43,-07:00,2025-04-04T21:21:43-07:00,0,9
resume/index.html,24,html,e9e8f848,zou99999,2025-04-04,21:21:43,-07:00,2025-04-04T21:21:43-07:00,0,9
resume/index.html,25,html,e9e8f848,zou99999,2025-04-04,21:21:43,-07:00,2025-04-04T21:21:43-07:00,0,0
resume/index.html,26,html,e9e8f848,zou99999,2025-04-04,21:21:43,-07:00,2025-04-04T21:21:43-07:00,0,26
resume/index.html,27,html,e9e8f848,zou99999,2025-04-04,21:21:43,-07:00,2025-04-04T21:21:43-07:00,0,8
resume/index.html,28,html,e9e8f848,zou99999,2025-04-04,21:21:43,-07:00,2025-04-04T21:21:43-07:00,0,7
resume/index.html,29,html,e9e8f848,zou99999,2025-04-04,21:21:43,-07:00,2025-04-04T21:21:43-07:00,0,18
resume/index.html,30,html,e9e8f848,zou99999,2025-04-04,21:21:43,-07:00,2025-04-04T21:21:43-07:00,0,8
resume/index.html,31,html,e9e8f848,zou99999,2025-04-04,21:21:43,-07:00,2025-04-04T21:21:43-07:00,0,0
resume/index.html,32,html,e9e8f848,zou99999,2025-04-04,21:21:43,-07:00,2025-04-04T21:21:43-07:00,0,8
resume/index.html,33,html,e9e8f848,zou99999,2025-04-04,21:21:43,-07:00,2025-04-04T21:21:43-07:00,0,45
resume/index.html,34,html,e9e8f848,zou99999,2025-04-04,21:21:43,-07:00,2025-04-04T21:21:43-07:00,0,83
resume/index.html,35,html,e9e8f848,zou99999,2025-04-04,21:21:43,-07:00,2025-04-04T21:21:43-07:00,0,3
resume/index.html,36,html,e9e8f848,zou99999,2025-04-04,21:21:43,-07:00,2025-04-04T21:21:43-07:00,0,67
resume/index.html,37,html,e9e8f848,zou99999,2025-04-04,21:21:43,-07:00,2025-04-04T21:21:43-07:00,0,71
resume/index.html,38,html,e9e8f848,zou99999,2025-04-04,21:21:43,-07:00,2025-04-04T21:21:43-07:00,0,48
resume/index.html,39,html,e9e8f848,zou99999,2025-04-04,21:21:43,-07:00,2025-04-04T21:21:43-07:00,0,4
resume/index.html,40,html,e9e8f848,zou99999,2025-04-04,21:21:43,-07:00,2025-04-04T21:21:43-07:00,0,9
resume/index.html,41,html,e9e8f848,zou99999,2025-04-04,21:21:43,-07:00,2025-04-04T21:21:43-07:00,0,9
resume/index.html,42,html,e9e8f848,zou99999,2025-04-04,21:21:43,-07:00,2025-04-04T21:21:43-07:00,0,0
resume/index.html,43,html,e9e8f848,zou99999,2025-04-04,21:21:43,-07:00,2025-04-04T21:21:43-07:00,0,22
resume/index.html,44,html,e9e8f848,zou99999,2025-04-04,21:21:43,-07:00,2025-04-04T21:21:43-07:00,0,8
resume/index.html,45,html,e9e8f848,zou99999,2025-04-04,21:21:43,-07:00,2025-04-04T21:21:43-07:00,0,7
resume/index.html,46,html,e9e8f848,zou99999,2025-04-04,21:21:43,-07:00,2025-04-04T21:21:43-07:00,0,14
resume/index.html,47,html,e9e8f848,zou99999,2025-04-04,21:21:43,-07:00,2025-04-04T21:21:43-07:00,0,8
resume/index.html,48,html,e9e8f848,zou99999,2025-04-04,21:21:43,-07:00,2025-04-04T21:21:43-07:00,0,3
resume/index.html,49,html,e9e8f848,zou99999,2025-04-04,21:21:43,-07:00,2025-04-04T21:21:43-07:00,0,30
resume/index.html,50,html,e9e8f848,zou99999,2025-04-04,21:21:43,-07:00,2025-04-04T21:21:43-07:00,0,20
resume/index.html,51,html,e9e8f848,zou99999,2025-04-04,21:21:43,-07:00,2025-04-04T21:21:43-07:00,0,38
resume/index.html,52,html,e9e8f848,zou99999,2025-04-04,21:21:43,-07:00,2025-04-04T21:21:43-07:00,0,38
resume/index.html,53,html,e9e8f848,zou99999,2025-04-04,21:21:43,-07:00,2025-04-04T21:21:43-07:00,0,4
resume/index.html,54,html,e9e8f848,zou99999,2025-04-04,21:21:43,-07:00,2025-04-04T21:21:43-07:00,0,9
resume/index.html,55,html,1a8e087a,zou99999,2025-04-18,19:52:15,-07:00,2025-04-18T19:52:15-07:00,0,49
resume/index.html,56,html,e9e8f848,zou99999,2025-04-04,21:21:43,-07:00,2025-04-04T21:21:43-07:00,0,0
resume/index.html,57,html,e9e8f848,zou99999,2025-04-04,21:21:43,-07:00,2025-04-04T21:21:43-07:00,0,6
resume/index.html,58,html,e9e8f848,zou99999,2025-04-04,21:21:43,-07:00,2025-04-04T21:21:43-07:00,0,6
projects/projects.js,1,js,98580574,zou99999,2025-04-25,15:57:56,-07:00,2025-04-25T15:57:56-07:00,0,64
projects/projects.js,2,js,f414e863,zou99999,2025-05-02,12:49:03,-07:00,2025-05-02T12:49:03-07:00,0,64
projects/projects.js,3,js,b906f6e8,zou99999,2025-04-25,13:36:17,-07:00,2025-04-25T13:36:17-07:00,0,0
projects/projects.js,4,js,82380453,zou99999,2025-05-02,22:12:42,-07:00,2025-05-02T22:12:42-07:00,0,67
projects/projects.js,5,js,82380453,zou99999,2025-05-02,22:12:42,-07:00,2025-05-02T22:12:42-07:00,0,14
projects/projects.js,6,js,82380453,zou99999,2025-05-02,22:12:42,-07:00,2025-05-02T22:12:42-07:00,0,22
projects/projects.js,7,js,82380453,zou99999,2025-05-02,22:12:42,-07:00,2025-05-02T22:12:42-07:00,0,23
projects/projects.js,8,js,82380453,zou99999,2025-05-02,22:12:42,-07:00,2025-05-02T22:12:42-07:00,0,0
projects/projects.js,9,js,b906f6e8,zou99999,2025-04-25,13:36:17,-07:00,2025-04-25T13:36:17-07:00,0,61
projects/projects.js,10,js,82380453,zou99999,2025-05-02,22:12:42,-07:00,2025-05-02T22:12:42-07:00,0,56
projects/projects.js,11,js,82380453,zou99999,2025-05-02,22:12:42,-07:00,2025-05-02T22:12:42-07:00,0,0
projects/projects.js,12,js,82380453,zou99999,2025-05-02,22:12:42,-07:00,2025-05-02T22:12:42-07:00,0,16
projects/projects.js,13,js,82380453,zou99999,2025-05-02,22:12:42,-07:00,2025-05-02T22:12:42-07:00,0,14
projects/projects.js,14,js,82380453,zou99999,2025-05-02,22:12:42,-07:00,2025-05-02T22:12:42-07:00,0,0
projects/projects.js,15,js,82380453,zou99999,2025-05-02,22:12:42,-07:00,2025-05-02T22:12:42-07:00,0,21
projects/projects.js,16,js,82380453,zou99999,2025-05-02,22:12:42,-07:00,2025-05-02T22:12:42-07:00,0,49
projects/projects.js,17,js,82380453,zou99999,2025-05-02,22:12:42,-07:00,2025-05-02T22:12:42-07:00,0,40
projects/projects.js,18,js,82380453,zou99999,2025-05-02,22:12:42,-07:00,2025-05-02T22:12:42-07:00,0,14
projects/projects.js,19,js,82380453,zou99999,2025-05-02,22:12:42,-07:00,2025-05-02T22:12:42-07:00,0,2
projects/projects.js,20,js,82380453,zou99999,2025-05-02,22:12:42,-07:00,2025-05-02T22:12:42-07:00,0,0
projects/projects.js,21,js,82380453,zou99999,2025-05-02,22:12:42,-07:00,2025-05-02T22:12:42-07:00,0,33
projects/projects.js,22,js,82380453,zou99999,2025-05-02,22:12:42,-07:00,2025-05-02T22:12:42-07:00,0,24
projects/projects.js,23,js,82380453,zou99999,2025-05-02,22:12:42,-07:00,2025-05-02T22:12:42-07:00,0,26
projects/projects.js,24,js,82380453,zou99999,2025-05-02,22:12:42,-07:00,2025-05-02T22:12:42-07:00,0,0
projects/projects.js,25,js,5a627987,zou99999,2025-05-02,22:15:16,-07:00,2025-05-02T22:15:16-07:00,0,47
projects/projects.js,26,js,5a627987,zou99999,2025-05-02,22:15:16,-07:00,2025-05-02T22:15:16-07:00,0,49
projects/projects.js,27,js,5a627987,zou99999,2025-05-02,22:15:16,-07:00,2025-05-02T22:15:16-07:00,0,0
projects/projects.js,28,js,82380453,zou99999,2025-05-02,22:12:42,-07:00,2025-05-02T22:12:42-07:00,0,18
projects/projects.js,29,js,82380453,zou99999,2025-05-02,22:12:42,-07:00,2025-05-02T22:12:42-07:00,0,18
projects/projects.js,30,js,82380453,zou99999,2025-05-02,22:12:42,-07:00,2025-05-02T22:12:42-07:00,0,40
projects/projects.js,31,js,82380453,zou99999,2025-05-02,22:12:42,-07:00,2025-05-02T22:12:42-07:00,0,62
projects/projects.js,32,js,82380453,zou99999,2025-05-02,22:12:42,-07:00,2025-05-02T22:12:42-07:00,0,29
projects/projects.js,33,js,82380453,zou99999,2025-05-02,22:12:42,-07:00,2025-05-02T22:12:42-07:00,0,2
projects/projects.js,34,js,82380453,zou99999,2025-05-02,22:12:42,-07:00,2025-05-02T22:12:42-07:00,0,0
projects/projects.js,35,js,b906f6e8,zou99999,2025-04-25,13:36:17,-07:00,2025-04-25T13:36:17-07:00,0,0
projects/projects.js,36,js,82380453,zou99999,2025-05-02,22:12:42,-07:00,2025-05-02T22:12:42-07:00,0,28
projects/projects.js,37,js,82380453,zou99999,2025-05-02,22:12:42,-07:00,2025-05-02T22:12:42-07:00,0,59
projects/projects.js,38,js,82380453,zou99999,2025-05-02,22:12:42,-07:00,2025-05-02T22:12:42-07:00,0,56
projects/projects.js,39,js,82380453,zou99999,2025-05-02,22:12:42,-07:00,2025-05-02T22:12:42-07:00,0,58
projects/projects.js,40,js,82380453,zou99999,2025-05-02,22:12:42,-07:00,2025-05-02T22:12:42-07:00,0,0
projects/projects.js,41,js,82380453,zou99999,2025-05-02,22:12:42,-07:00,2025-05-02T22:12:42-07:00,0,0
projects/projects.js,42,js,82380453,zou99999,2025-05-02,22:12:42,-07:00,2025-05-02T22:12:42-07:00,0,49
projects/projects.js,43,js,82380453,zou99999,2025-05-02,22:12:42,-07:00,2025-05-02T22:12:42-07:00,0,24
projects/projects.js,44,js,b906f6e8,zou99999,2025-04-25,13:36:17,-07:00,2025-04-25T13:36:17-07:00,0,0
projects/projects.js,45,js,f414e863,zou99999,2025-05-02,12:49:03,-07:00,2025-05-02T12:49:03-07:00,0,0
projects/projects.js,46,js,82380453,zou99999,2025-05-02,22:12:42,-07:00,2025-05-02T22:12:42-07:00,0,20
projects/projects.js,47,js,82380453,zou99999,2025-05-02,22:12:42,-07:00,2025-05-02T22:12:42-07:00,0,39
projects/projects.js,48,js,82380453,zou99999,2025-05-02,22:12:42,-07:00,2025-05-02T22:12:42-07:00,0,39
projects/projects.js,49,js,82380453,zou99999,2025-05-02,22:12:42,-07:00,2025-05-02T22:12:42-07:00,0,30
projects/projects.js,50,js,f414e863,zou99999,2025-05-02,12:49:03,-07:00,2025-05-02T12:49:03-07:00,0,0
projects/projects.js,51,js,82380453,zou99999,2025-05-02,22:12:42,-07:00,2025-05-02T22:12:42-07:00,0,35
projects/projects.js,52,js,82380453,zou99999,2025-05-02,22:12:42,-07:00,2025-05-02T22:12:42-07:00,0,31
projects/projects.js,53,js,d68f5629,zou99999,2025-05-02,13:18:19,-07:00,2025-05-02T13:18:19-07:00,0,0
projects/projects.js,54,js,98452d87,zou99999,2025-05-02,13:16:29,-07:00,2025-05-02T13:16:29-07:00,0,29
projects/projects.js,55,js,82380453,zou99999,2025-05-02,22:12:42,-07:00,2025-05-02T22:12:42-07:00,0,13
projects/projects.js,56,js,98452d87,zou99999,2025-05-02,13:16:29,-07:00,2025-05-02T13:16:29-07:00,0,15
projects/projects.js,57,js,98452d87,zou99999,2025-05-02,13:16:29,-07:00,2025-05-02T13:16:29-07:00,0,12
projects/projects.js,58,js,98452d87,zou99999,2025-05-02,13:16:29,-07:00,2025-05-02T13:16:29-07:00,0,1
projects/projects.js,59,js,98452d87,zou99999,2025-05-02,13:16:29,-07:00,2025-05-02T13:16:29-07:00,0,0
projects/projects.js,60,js,82380453,zou99999,2025-05-02,22:12:42,-07:00,2025-05-02T22:12:42-07:00,0,48
projects/projects.js,61,js,82380453,zou99999,2025-05-02,22:12:42,-07:00,2025-05-02T22:12:42-07:00,0,12
projects/projects.js,62,js,82380453,zou99999,2025-05-02,22:12:42,-07:00,2025-05-02T22:12:42-07:00,0,10
projects/projects.js,63,js,82380453,zou99999,2025-05-02,22:12:42,-07:00,2025-05-02T22:12:42-07:00,0,3
projects/projects.js,64,js,82380453,zou99999,2025-05-02,22:12:42,-07:00,2025-05-02T22:12:42-07:00,0,43
projects/projects.js,65,js,bae86a5d,zou99999,2025-05-02,13:02:05,-07:00,2025-05-02T13:02:05-07:00,0,0
projects/projects.js,66,js,bae86a5d,zou99999,2025-05-02,13:02:05,-07:00,2025-05-02T13:02:05-07:00,0,60
projects/projects.js,67,js,bae86a5d,zou99999,2025-05-02,13:02:05,-07:00,2025-05-02T13:02:05-07:00,0,53
projects/projects.js,68,js,bae86a5d,zou99999,2025-05-02,13:02:05,-07:00,2025-05-02T13:02:05-07:00,0,36
projects/projects.js,69,js,bae86a5d,zou99999,2025-05-02,13:02:05,-07:00,2025-05-02T13:02:05-07:00,0,50
projects/projects.js,70,js,bae86a5d,zou99999,2025-05-02,13:02:05,-07:00,2025-05-02T13:02:05-07:00,0,0
projects/projects.js,71,js,82380453,zou99999,2025-05-02,22:12:42,-07:00,2025-05-02T22:12:42-07:00,0,8
projects/projects.js,72,js,82380453,zou99999,2025-05-02,22:12:42,-07:00,2025-05-02T22:12:42-07:00,0,2
projects/projects.js,73,js,82380453,zou99999,2025-05-02,22:12:42,-07:00,2025-05-02T22:12:42-07:00,0,17
projects/projects.js,74,js,bae86a5d,zou99999,2025-05-02,13:02:05,-07:00,2025-05-02T13:02:05-07:00,0,13
projects/projects.js,75,js,bae86a5d,zou99999,2025-05-02,13:02:05,-07:00,2025-05-02T13:02:05-07:00,0,7
projects/projects.js,76,js,f414e863,zou99999,2025-05-02,12:49:03,-07:00,2025-05-02T12:49:03-07:00,0,14
projects/projects.js,77,js,bae86a5d,zou99999,2025-05-02,13:02:05,-07:00,2025-05-02T13:02:05-07:00,0,23
projects/projects.js,78,js,82380453,zou99999,2025-05-02,22:12:42,-07:00,2025-05-02T22:12:42-07:00,0,33
projects/projects.js,79,js,82380453,zou99999,2025-05-02,22:12:42,-07:00,2025-05-02T22:12:42-07:00,0,64
projects/projects.js,80,js,82380453,zou99999,2025-05-02,22:12:42,-07:00,2025-05-02T22:12:42-07:00,0,23
projects/projects.js,81,js,82380453,zou99999,2025-05-02,22:12:42,-07:00,2025-05-02T22:12:42-07:00,0,44
projects/projects.js,82,js,82380453,zou99999,2025-05-02,22:12:42,-07:00,2025-05-02T22:12:42-07:00,0,14
projects/projects.js,83,js,82380453,zou99999,2025-05-02,22:12:42,-07:00,2025-05-02T22:12:42-07:00,0,2
projects/projects.js,84,js,82380453,zou99999,2025-05-02,22:12:42,-07:00,2025-05-02T22:12:42-07:00,0,0
projects/projects.js,85,js,82380453,zou99999,2025-05-02,22:12:42,-07:00,2025-05-02T22:12:42-07:00,0,8
projects/projects.js,86,js,82380453,zou99999,2025-05-02,22:12:42,-07:00,2025-05-02T22:12:42-07:00,0,5
projects/projects.js,87,js,82380453,zou99999,2025-05-02,22:12:42,-07:00,2025-05-02T22:12:42-07:00,0,15
projects/projects.js,88,js,82380453,zou99999,2025-05-02,22:12:42,-07:00,2025-05-02T22:12:42-07:00,0,10
projects/projects.js,89,js,82380453,zou99999,2025-05-02,22:12:42,-07:00,2025-05-02T22:12:42-07:00,0,7
projects/projects.js,90,js,82380453,zou99999,2025-05-02,22:12:42,-07:00,2025-05-02T22:12:42-07:00,0,12
projects/projects.js,91,js,82380453,zou99999,2025-05-02,22:12:42,-07:00,2025-05-02T22:12:42-07:00,0,47
projects/projects.js,92,js,82380453,zou99999,2025-05-02,22:12:42,-07:00,2025-05-02T22:12:42-07:00,0,87
projects/projects.js,93,js,82380453,zou99999,2025-05-02,22:12:42,-07:00,2025-05-02T22:12:42-07:00,0,76
projects/projects.js,94,js,82380453,zou99999,2025-05-02,22:12:42,-07:00,2025-05-02T22:12:42-07:00,0,23
projects/projects.js,95,js,82380453,zou99999,2025-05-02,22:12:42,-07:00,2025-05-02T22:12:42-07:00,0,44
projects/projects.js,96,js,82380453,zou99999,2025-05-02,22:12:42,-07:00,2025-05-02T22:12:42-07:00,0,14
projects/projects.js,97,js,82380453,zou99999,2025-05-02,22:12:42,-07:00,2025-05-02T22:12:42-07:00,0,2
projects/projects.js,98,js,82380453,zou99999,2025-05-02,22:12:42,-07:00,2025-05-02T22:12:42-07:00,0,0
projects/index.js,1,js,6a6f6c7e,zou99999,2025-05-02,21:49:13,-07:00,2025-05-02T21:49:13-07:00,0,64
projects/index.js,2,js,6a6f6c7e,zou99999,2025-05-02,21:49:13,-07:00,2025-05-02T21:49:13-07:00,0,64
projects/index.js,3,js,6a6f6c7e,zou99999,2025-05-02,21:49:13,-07:00,2025-05-02T21:49:13-07:00,0,0
projects/index.js,4,js,6a6f6c7e,zou99999,2025-05-02,21:49:13,-07:00,2025-05-02T21:49:13-07:00,0,67
projects/index.js,5,js,6a6f6c7e,zou99999,2025-05-02,21:49:13,-07:00,2025-05-02T21:49:13-07:00,0,14
projects/index.js,6,js,2cd5ed85,zou99999,2025-05-02,22:05:07,-07:00,2025-05-02T22:05:07-07:00,0,22
projects/index.js,7,js,29368c0c,zou99999,2025-05-02,22:09:15,-07:00,2025-05-02T22:09:15-07:00,0,23
projects/index.js,8,js,2cd5ed85,zou99999,2025-05-02,22:05:07,-07:00,2025-05-02T22:05:07-07:00,0,0
projects/index.js,9,js,6a6f6c7e,zou99999,2025-05-02,21:49:13,-07:00,2025-05-02T21:49:13-07:00,0,61
projects/index.js,10,js,6a6f6c7e,zou99999,2025-05-02,21:49:13,-07:00,2025-05-02T21:49:13-07:00,0,56
projects/index.js,11,js,6a6f6c7e,zou99999,2025-05-02,21:49:13,-07:00,2025-05-02T21:49:13-07:00,0,0
projects/index.js,12,js,2b418a83,zou99999,2025-05-02,22:19:20,-07:00,2025-05-02T22:19:20-07:00,0,16
projects/index.js,13,js,2b418a83,zou99999,2025-05-02,22:19:20,-07:00,2025-05-02T22:19:20-07:00,0,14
projects/index.js,14,js,6a6f6c7e,zou99999,2025-05-02,21:49:13,-07:00,2025-05-02T21:49:13-07:00,0,0
projects/index.js,15,js,2b418a83,zou99999,2025-05-02,22:19:20,-07:00,2025-05-02T22:19:20-07:00,0,21
projects/index.js,16,js,6a6f6c7e,zou99999,2025-05-02,21:49:13,-07:00,2025-05-02T21:49:13-07:00,0,49
projects/index.js,17,js,6a6f6c7e,zou99999,2025-05-02,21:49:13,-07:00,2025-05-02T21:49:13-07:00,0,40
projects/index.js,18,js,2cd5ed85,zou99999,2025-05-02,22:05:07,-07:00,2025-05-02T22:05:07-07:00,0,14
projects/index.js,19,js,6a6f6c7e,zou99999,2025-05-02,21:49:13,-07:00,2025-05-02T21:49:13-07:00,0,2
projects/index.js,20,js,6a6f6c7e,zou99999,2025-05-02,21:49:13,-07:00,2025-05-02T21:49:13-07:00,0,0
projects/index.js,21,js,2b418a83,zou99999,2025-05-02,22:19:20,-07:00,2025-05-02T22:19:20-07:00,0,33
projects/index.js,22,js,2cd5ed85,zou99999,2025-05-02,22:05:07,-07:00,2025-05-02T22:05:07-07:00,0,24
projects/index.js,23,js,2cd5ed85,zou99999,2025-05-02,22:05:07,-07:00,2025-05-02T22:05:07-07:00,0,26
projects/index.js,24,js,989d8a51,zou99999,2025-05-02,21:59:19,-07:00,2025-05-02T21:59:19-07:00,0,0
projects/index.js,25,js,cf7b0e8c,zou99999,2025-05-02,22:41:16,-07:00,2025-05-02T22:41:16-07:00,0,18
projects/index.js,26,js,2cd5ed85,zou99999,2025-05-02,22:05:07,-07:00,2025-05-02T22:05:07-07:00,0,18
projects/index.js,27,js,2cd5ed85,zou99999,2025-05-02,22:05:07,-07:00,2025-05-02T22:05:07-07:00,0,40
projects/index.js,28,js,2cd5ed85,zou99999,2025-05-02,22:05:07,-07:00,2025-05-02T22:05:07-07:00,0,62
projects/index.js,29,js,2cd5ed85,zou99999,2025-05-02,22:05:07,-07:00,2025-05-02T22:05:07-07:00,0,29
projects/index.js,30,js,2cd5ed85,zou99999,2025-05-02,22:05:07,-07:00,2025-05-02T22:05:07-07:00,0,2
projects/index.js,31,js,2cd5ed85,zou99999,2025-05-02,22:05:07,-07:00,2025-05-02T22:05:07-07:00,0,0
projects/index.js,32,js,2cd5ed85,zou99999,2025-05-02,22:05:07,-07:00,2025-05-02T22:05:07-07:00,0,0
projects/index.js,33,js,cf7b0e8c,zou99999,2025-05-02,22:41:16,-07:00,2025-05-02T22:41:16-07:00,0,28
projects/index.js,34,js,2b418a83,zou99999,2025-05-02,22:19:20,-07:00,2025-05-02T22:19:20-07:00,0,59
projects/index.js,35,js,29368c0c,zou99999,2025-05-02,22:09:15,-07:00,2025-05-02T22:09:15-07:00,0,56
projects/index.js,36,js,2b418a83,zou99999,2025-05-02,22:19:20,-07:00,2025-05-02T22:19:20-07:00,0,74
projects/index.js,37,js,2cd5ed85,zou99999,2025-05-02,22:05:07,-07:00,2025-05-02T22:05:07-07:00,0,0
projects/index.js,38,js,2cd5ed85,zou99999,2025-05-02,22:05:07,-07:00,2025-05-02T22:05:07-07:00,0,0
projects/index.js,39,js,2cd5ed85,zou99999,2025-05-02,22:05:07,-07:00,2025-05-02T22:05:07-07:00,0,49
projects/index.js,40,js,cf7b0e8c,zou99999,2025-05-02,22:41:16,-07:00,2025-05-02T22:41:16-07:00,0,0
projects/index.js,41,js,cf7b0e8c,zou99999,2025-05-02,22:41:16,-07:00,2025-05-02T22:41:16-07:00,0,65
projects/index.js,42,js,cf7b0e8c,zou99999,2025-05-02,22:41:16,-07:00,2025-05-02T22:41:16-07:00,0,64
projects/index.js,43,js,2cd5ed85,zou99999,2025-05-02,22:05:07,-07:00,2025-05-02T22:05:07-07:00,0,0
projects/index.js,44,js,2cd5ed85,zou99999,2025-05-02,22:05:07,-07:00,2025-05-02T22:05:07-07:00,0,0
projects/index.js,45,js,cf7b0e8c,zou99999,2025-05-02,22:41:16,-07:00,2025-05-02T22:41:16-07:00,0,0
projects/index.js,46,js,2b418a83,zou99999,2025-05-02,22:19:20,-07:00,2025-05-02T22:19:20-07:00,0,20
projects/index.js,47,js,6a6f6c7e,zou99999,2025-05-02,21:49:13,-07:00,2025-05-02T21:49:13-07:00,0,39
projects/index.js,48,js,989d8a51,zou99999,2025-05-02,21:59:19,-07:00,2025-05-02T21:59:19-07:00,0,39
projects/index.js,49,js,989d8a51,zou99999,2025-05-02,21:59:19,-07:00,2025-05-02T21:59:19-07:00,0,30
projects/index.js,50,js,989d8a51,zou99999,2025-05-02,21:59:19,-07:00,2025-05-02T21:59:19-07:00,0,0
projects/index.js,51,js,989d8a51,zou99999,2025-05-02,21:59:19,-07:00,2025-05-02T21:59:19-07:00,0,35
projects/index.js,52,js,989d8a51,zou99999,2025-05-02,21:59:19,-07:00,2025-05-02T21:59:19-07:00,0,31
projects/index.js,53,js,6a6f6c7e,zou99999,2025-05-02,21:49:13,-07:00,2025-05-02T21:49:13-07:00,0,0
projects/index.js,54,js,6a6f6c7e,zou99999,2025-05-02,21:49:13,-07:00,2025-05-02T21:49:13-07:00,0,29
projects/index.js,55,js,6a6f6c7e,zou99999,2025-05-02,21:49:13,-07:00,2025-05-02T21:49:13-07:00,0,13
projects/index.js,56,js,c4f17683,zou99999,2025-05-02,22:35:55,-07:00,2025-05-02T22:35:55-07:00,0,13
projects/index.js,57,js,c4f17683,zou99999,2025-05-02,22:35:55,-07:00,2025-05-02T22:35:55-07:00,0,10
projects/index.js,58,js,6a6f6c7e,zou99999,2025-05-02,21:49:13,-07:00,2025-05-02T21:49:13-07:00,0,1
projects/index.js,59,js,6a6f6c7e,zou99999,2025-05-02,21:49:13,-07:00,2025-05-02T21:49:13-07:00,0,0
projects/index.js,60,js,726a6f18,zou99999,2025-05-02,22:26:38,-07:00,2025-05-02T22:26:38-07:00,0,48
projects/index.js,61,js,6a6f6c7e,zou99999,2025-05-02,21:49:13,-07:00,2025-05-02T21:49:13-07:00,0,12
projects/index.js,62,js,6a6f6c7e,zou99999,2025-05-02,21:49:13,-07:00,2025-05-02T21:49:13-07:00,0,10
projects/index.js,63,js,6a6f6c7e,zou99999,2025-05-02,21:49:13,-07:00,2025-05-02T21:49:13-07:00,0,3
projects/index.js,64,js,0b5b2f33,zou99999,2025-05-02,22:29:44,-07:00,2025-05-02T22:29:44-07:00,0,21
projects/index.js,65,js,0b5b2f33,zou99999,2025-05-02,22:29:44,-07:00,2025-05-02T22:29:44-07:00,0,0
projects/index.js,66,js,c4f17683,zou99999,2025-05-02,22:35:55,-07:00,2025-05-02T22:35:55-07:00,0,48
projects/index.js,67,js,c4f17683,zou99999,2025-05-02,22:35:55,-07:00,2025-05-02T22:35:55-07:00,0,34
projects/index.js,68,js,1149600c,zou99999,2025-05-02,22:33:39,-07:00,2025-05-02T22:33:39-07:00,0,49
projects/index.js,69,js,1149600c,zou99999,2025-05-02,22:33:39,-07:00,2025-05-02T22:33:39-07:00,0,6
projects/index.js,70,js,6a6f6c7e,zou99999,2025-05-02,21:49:13,-07:00,2025-05-02T21:49:13-07:00,0,0
projects/index.js,71,js,6a6f6c7e,zou99999,2025-05-02,21:49:13,-07:00,2025-05-02T21:49:13-07:00,0,60
projects/index.js,72,js,1149600c,zou99999,2025-05-02,22:33:39,-07:00,2025-05-02T22:33:39-07:00,0,51
projects/index.js,73,js,c4f17683,zou99999,2025-05-02,22:35:55,-07:00,2025-05-02T22:35:55-07:00,0,43
projects/index.js,74,js,6a6f6c7e,zou99999,2025-05-02,21:49:13,-07:00,2025-05-02T21:49:13-07:00,0,50
projects/index.js,75,js,6a6f6c7e,zou99999,2025-05-02,21:49:13,-07:00,2025-05-02T21:49:13-07:00,0,0
projects/index.js,76,js,c4f17683,zou99999,2025-05-02,22:35:55,-07:00,2025-05-02T22:35:55-07:00,0,15
projects/index.js,77,js,1149600c,zou99999,2025-05-02,22:33:39,-07:00,2025-05-02T22:33:39-07:00,0,20
projects/index.js,78,js,6a6f6c7e,zou99999,2025-05-02,21:49:13,-07:00,2025-05-02T21:49:13-07:00,0,13
projects/index.js,79,js,6a6f6c7e,zou99999,2025-05-02,21:49:13,-07:00,2025-05-02T21:49:13-07:00,0,7
projects/index.js,80,js,6a6f6c7e,zou99999,2025-05-02,21:49:13,-07:00,2025-05-02T21:49:13-07:00,0,14
projects/index.js,81,js,6a6f6c7e,zou99999,2025-05-02,21:49:13,-07:00,2025-05-02T21:49:13-07:00,0,23
projects/index.js,82,js,c4f17683,zou99999,2025-05-02,22:35:55,-07:00,2025-05-02T22:35:55-07:00,0,80
projects/index.js,83,js,1149600c,zou99999,2025-05-02,22:33:39,-07:00,2025-05-02T22:33:39-07:00,0,23
projects/index.js,84,js,1149600c,zou99999,2025-05-02,22:33:39,-07:00,2025-05-02T22:33:39-07:00,0,34
projects/index.js,85,js,1149600c,zou99999,2025-05-02,22:33:39,-07:00,2025-05-02T22:33:39-07:00,0,38
projects/index.js,86,js,1149600c,zou99999,2025-05-02,22:33:39,-07:00,2025-05-02T22:33:39-07:00,0,0
projects/index.js,87,js,c4f17683,zou99999,2025-05-02,22:35:55,-07:00,2025-05-02T22:35:55-07:00,0,74
projects/index.js,88,js,1149600c,zou99999,2025-05-02,22:33:39,-07:00,2025-05-02T22:33:39-07:00,0,33
projects/index.js,89,js,1149600c,zou99999,2025-05-02,22:33:39,-07:00,2025-05-02T22:33:39-07:00,0,40
projects/index.js,90,js,c4f17683,zou99999,2025-05-02,22:35:55,-07:00,2025-05-02T22:35:55-07:00,0,63
projects/index.js,91,js,c4f17683,zou99999,2025-05-02,22:35:55,-07:00,2025-05-02T22:35:55-07:00,0,60
projects/index.js,92,js,2cd5ed85,zou99999,2025-05-02,22:05:07,-07:00,2025-05-02T22:05:07-07:00,0,14
projects/index.js,93,js,989d8a51,zou99999,2025-05-02,21:59:19,-07:00,2025-05-02T21:59:19-07:00,0,2
projects/index.js,94,js,989d8a51,zou99999,2025-05-02,21:59:19,-07:00,2025-05-02T21:59:19-07:00,0,0
projects/index.js,95,js,c4f17683,zou99999,2025-05-02,22:35:55,-07:00,2025-05-02T22:35:55-07:00,0,11
projects/index.js,96,js,1149600c,zou99999,2025-05-02,22:33:39,-07:00,2025-05-02T22:33:39-07:00,0,21
projects/index.js,97,js,c4f17683,zou99999,2025-05-02,22:35:55,-07:00,2025-05-02T22:35:55-07:00,0,30
projects/index.js,98,js,989d8a51,zou99999,2025-05-02,21:59:19,-07:00,2025-05-02T21:59:19-07:00,0,7
projects/index.js,99,js,989d8a51,zou99999,2025-05-02,21:59:19,-07:00,2025-05-02T21:59:19-07:00,0,12
projects/index.js,100,js,989d8a51,zou99999,2025-05-02,21:59:19,-07:00,2025-05-02T21:59:19-07:00,0,47
projects/index.js,101,js,1149600c,zou99999,2025-05-02,22:33:39,-07:00,2025-05-02T22:33:39-07:00,0,23
projects/index.js,102,js,1149600c,zou99999,2025-05-02,22:33:39,-07:00,2025-05-02T22:33:39-07:00,0,59
projects/index.js,103,js,1149600c,zou99999,2025-05-02,22:33:39,-07:00,2025-05-02T22:33:39-07:00,0,0
projects/index.js,104,js,1149600c,zou99999,2025-05-02,22:33:39,-07:00,2025-05-02T22:33:39-07:00,0,74
projects/index.js,105,js,c4f17683,zou99999,2025-05-02,22:35:55,-07:00,2025-05-02T22:35:55-07:00,0,23
projects/index.js,106,js,c4f17683,zou99999,2025-05-02,22:35:55,-07:00,2025-05-02T22:35:55-07:00,0,54
projects/index.js,107,js,2b418a83,zou99999,2025-05-02,22:19:20,-07:00,2025-05-02T22:19:20-07:00,0,52
projects/index.js,108,js,2cd5ed85,zou99999,2025-05-02,22:05:07,-07:00,2025-05-02T22:05:07-07:00,0,14
projects/index.js,109,js,989d8a51,zou99999,2025-05-02,21:59:19,-07:00,2025-05-02T21:59:19-07:00,0,2
projects/index.js,110,js,1149600c,zou99999,2025-05-02,22:33:39,-07:00,2025-05-02T22:33:39-07:00,0,0
projects/index.html,1,html,8034c1d9,zou99999,2025-04-04,21:01:17,-07:00,2025-04-04T21:01:17-07:00,0,14
projects/index.html,2,html,8034c1d9,zou99999,2025-04-04,21:01:17,-07:00,2025-04-04T21:01:17-07:00,0,15
projects/index.html,3,html,b906f6e8,zou99999,2025-04-25,13:36:17,-07:00,2025-04-25T13:36:17-07:00,0,5
projects/index.html,4,html,b906f6e8,zou99999,2025-04-25,13:36:17,-07:00,2025-04-25T13:36:17-07:00,0,21
projects/index.html,5,html,b906f6e8,zou99999,2025-04-25,13:36:17,-07:00,2025-04-25T13:36:17-07:00,0,22
projects/index.html,6,html,137b6593,zou99999,2025-04-11,23:32:23,-07:00,2025-04-11T23:32:23-07:00,0,44
projects/index.html,7,html,b906f6e8,zou99999,2025-04-25,13:36:17,-07:00,2025-04-25T13:36:17-07:00,0,6
projects/index.html,8,html,ff8b3633,zou99999,2025-04-11,23:22:16,-07:00,2025-04-11T23:22:16-07:00,0,0
projects/index.html,9,html,8034c1d9,zou99999,2025-04-04,21:01:17,-07:00,2025-04-04T21:01:17-07:00,0,5
projects/index.html,10,html,b906f6e8,zou99999,2025-04-25,13:36:17,-07:00,2025-04-25T13:36:17-07:00,0,39
projects/index.html,11,html,b906f6e8,zou99999,2025-04-25,13:36:17,-07:00,2025-04-25T13:36:17-07:00,0,0
projects/index.html,12,html,f414e863,zou99999,2025-05-02,12:49:03,-07:00,2025-05-02T12:49:03-07:00,0,31
projects/index.html,13,html,f414e863,zou99999,2025-05-02,12:49:03,-07:00,2025-05-02T12:49:03-07:00,0,28
projects/index.html,14,html,bae86a5d,zou99999,2025-05-02,13:02:05,-07:00,2025-05-02T13:02:05-07:00,0,28
projects/index.html,15,html,bae86a5d,zou99999,2025-05-02,13:02:05,-07:00,2025-05-02T13:02:05-07:00,0,55
projects/index.html,16,html,bae86a5d,zou99999,2025-05-02,13:02:05,-07:00,2025-05-02T13:02:05-07:00,0,23
projects/index.html,17,html,bae86a5d,zou99999,2025-05-02,13:02:05,-07:00,2025-05-02T13:02:05-07:00,0,5
projects/index.html,18,html,6a6f6c7e,zou99999,2025-05-02,21:49:13,-07:00,2025-05-02T21:49:13-07:00,0,5
projects/index.html,19,html,6a6f6c7e,zou99999,2025-05-02,21:49:13,-07:00,2025-05-02T21:49:13-07:00,0,16
projects/index.html,20,html,6a6f6c7e,zou99999,2025-05-02,21:49:13,-07:00,2025-05-02T21:49:13-07:00,0,12
projects/index.html,21,html,6a6f6c7e,zou99999,2025-05-02,21:49:13,-07:00,2025-05-02T21:49:13-07:00,0,27
projects/index.html,22,html,6a6f6c7e,zou99999,2025-05-02,21:49:13,-07:00,2025-05-02T21:49:13-07:00,0,32
projects/index.html,23,html,6a6f6c7e,zou99999,2025-05-02,21:49:13,-07:00,2025-05-02T21:49:13-07:00,0,1
projects/index.html,24,html,bae86a5d,zou99999,2025-05-02,13:02:05,-07:00,2025-05-02T13:02:05-07:00,0,9
projects/index.html,25,html,53b5a383,zou99999,2025-05-02,12:43:20,-07:00,2025-05-02T12:43:20-07:00,0,0
projects/index.html,26,html,65b6105d,zou99999,2025-05-02,13:49:13,-07:00,2025-05-02T13:49:13-07:00,0,21
projects/index.html,27,html,b906f6e8,zou99999,2025-04-25,13:36:17,-07:00,2025-04-25T13:36:17-07:00,0,56
projects/index.html,28,html,b906f6e8,zou99999,2025-04-25,13:36:17,-07:00,2025-04-25T13:36:17-07:00,0,5
projects/index.html,29,html,b906f6e8,zou99999,2025-04-25,13:36:17,-07:00,2025-04-25T13:36:17-07:00,0,0
projects/index.html,30,html,2067c433,zou99999,2025-04-25,13:57:22,-07:00,2025-04-25T13:57:22-07:00,0,57
projects/index.html,31,html,df9cd03c,zou99999,2025-05-02,13:33:27,-07:00,2025-05-02T13:33:27-07:00,0,65
projects/index.html,32,html,8034c1d9,zou99999,2025-04-04,21:01:17,-07:00,2025-04-04T21:01:17-07:00,0,6
projects/index.html,33,html,df9cd03c,zou99999,2025-05-02,13:33:27,-07:00,2025-05-02T13:33:27-07:00,0,6
meta/index.html,1,html,feabcd5d,zou99999,2025-05-09,21:38:05,-07:00,2025-05-09T21:38:05-07:00,0,14
meta/index.html,2,html,feabcd5d,zou99999,2025-05-09,21:38:05,-07:00,2025-05-09T21:38:05-07:00,0,15
meta/index.html,3,html,feabcd5d,zou99999,2025-05-09,21:38:05,-07:00,2025-05-09T21:38:05-07:00,0,5
meta/index.html,4,html,43a4f825,zou99999,2025-05-09,21:42:34,-07:00,2025-05-09T21:42:34-07:00,0,23
meta/index.html,5,html,feabcd5d,zou99999,2025-05-09,21:38:05,-07:00,2025-05-09T21:38:05-07:00,0,18
meta/index.html,6,html,feabcd5d,zou99999,2025-05-09,21:38:05,-07:00,2025-05-09T21:38:05-07:00,0,44
meta/index.html,7,html,feabcd5d,zou99999,2025-05-09,21:38:05,-07:00,2025-05-09T21:38:05-07:00,0,6
meta/index.html,8,html,feabcd5d,zou99999,2025-05-09,21:38:05,-07:00,2025-05-09T21:38:05-07:00,0,5
meta/index.html,9,html,43a4f825,zou99999,2025-05-09,21:42:34,-07:00,2025-05-09T21:42:34-07:00,0,62
meta/index.html,10,html,43a4f825,zou99999,2025-05-09,21:42:34,-07:00,2025-05-09T21:42:34-07:00,0,0
meta/index.html,11,html,43a4f825,zou99999,2025-05-09,21:42:34,-07:00,2025-05-09T21:42:34-07:00,0,12
meta/index.html,12,html,43a4f825,zou99999,2025-05-09,21:42:34,-07:00,2025-05-09T21:42:34-07:00,0,0
meta/index.html,13,html,43a4f825,zou99999,2025-05-09,21:42:34,-07:00,2025-05-09T21:42:34-07:00,0,59
meta/index.html,14,html,43a4f825,zou99999,2025-05-09,21:42:34,-07:00,2025-05-09T21:42:34-07:00,0,49
meta/index.html,15,html,43a4f825,zou99999,2025-05-09,21:42:34,-07:00,2025-05-09T21:42:34-07:00,0,6
meta/index.html,16,html,43a4f825,zou99999,2025-05-09,21:42:34,-07:00,2025-05-09T21:42:34-07:00,0,6
contact/index.html,1,html,8034c1d9,zou99999,2025-04-04,21:01:17,-07:00,2025-04-04T21:01:17-07:00,0,14
contact/index.html,2,html,8034c1d9,zou99999,2025-04-04,21:01:17,-07:00,2025-04-04T21:01:17-07:00,0,15
contact/index.html,3,html,137b6593,zou99999,2025-04-11,23:32:23,-07:00,2025-04-11T23:32:23-07:00,0,3
contact/index.html,4,html,137b6593,zou99999,2025-04-11,23:32:23,-07:00,2025-04-11T23:32:23-07:00,0,21
contact/index.html,5,html,137b6593,zou99999,2025-04-11,23:32:23,-07:00,2025-04-11T23:32:23-07:00,0,44
contact/index.html,6,html,137b6593,zou99999,2025-04-11,23:32:23,-07:00,2025-04-11T23:32:23-07:00,0,4
contact/index.html,7,html,8034c1d9,zou99999,2025-04-04,21:01:17,-07:00,2025-04-04T21:01:17-07:00,0,5
contact/index.html,8,html,8034c1d9,zou99999,2025-04-04,21:01:17,-07:00,2025-04-04T21:01:17-07:00,0,71
contact/index.html,9,html,8034c1d9,zou99999,2025-04-04,21:01:17,-07:00,2025-04-04T21:01:17-07:00,0,6
contact/index.html,10,html,8034c1d9,zou99999,2025-04-04,21:01:17,-07:00,2025-04-04T21:01:17-07:00,0,5
contact/index.html,11,html,8034c1d9,zou99999,2025-04-04,21:01:17,-07:00,2025-04-04T21:01:17-07:00,0,41
contact/index.html,12,html,8034c1d9,zou99999,2025-04-04,21:01:17,-07:00,2025-04-04T21:01:17-07:00,0,7
contact/index.html,13,html,8034c1d9,zou99999,2025-04-04,21:01:17,-07:00,2025-04-04T21:01:17-07:00,0,7
contact/index.html,14,html,8034c1d9,zou99999,2025-04-04,21:01:17,-07:00,2025-04-04T21:01:17-07:00,0,0
contact/index.html,15,html,8034c1d9,zou99999,2025-04-04,21:01:17,-07:00,2025-04-04T21:01:17-07:00,0,6
contact/index.html,16,html,8034c1d9,zou99999,2025-04-04,21:01:17,-07:00,2025-04-04T21:01:17-07:00,0,7
contact/index.html,17,html,8034c1d9,zou99999,2025-04-04,21:01:17,-07:00,2025-04-04T21:01:17-07:00,0,30
contact/index.html,18,html,8034c1d9,zou99999,2025-04-04,21:01:17,-07:00,2025-04-04T21:01:17-07:00,0,7
contact/index.html,19,html,8034c1d9,zou99999,2025-04-04,21:01:17,-07:00,2025-04-04T21:01:17-07:00,0,7
contact/index.html,20,html,8034c1d9,zou99999,2025-04-04,21:01:17,-07:00,2025-04-04T21:01:17-07:00,0,0
contact/index.html,21,html,8034c1d9,zou99999,2025-04-04,21:01:17,-07:00,2025-04-04T21:01:17-07:00,0,6
contact/index.html,22,html,8034c1d9,zou99999,2025-04-04,21:01:17,-07:00,2025-04-04T21:01:17-07:00,0,7
contact/index.html,23,html,8034c1d9,zou99999,2025-04-04,21:01:17,-07:00,2025-04-04T21:01:17-07:00,0,41
contact/index.html,24,html,8034c1d9,zou99999,2025-04-04,21:01:17,-07:00,2025-04-04T21:01:17-07:00,0,7
contact/index.html,25,html,8034c1d9,zou99999,2025-04-04,21:01:17,-07:00,2025-04-04T21:01:17-07:00,0,7
contact/index.html,26,html,8034c1d9,zou99999,2025-04-04,21:01:17,-07:00,2025-04-04T21:01:17-07:00,0,0
contact/index.html,27,html,8034c1d9,zou99999,2025-04-04,21:01:17,-07:00,2025-04-04T21:01:17-07:00,0,20
contact/index.html,28,html,8034c1d9,zou99999,2025-04-04,21:01:17,-07:00,2025-04-04T21:01:17-07:00,0,6
contact/index.html,29,html,1a8e087a,zou99999,2025-04-18,19:52:15,-07:00,2025-04-18T19:52:15-07:00,0,49
contact/index.html,30,html,8034c1d9,zou99999,2025-04-04,21:01:17,-07:00,2025-04-04T21:01:17-07:00,0,6
contact/index.html,31,html,8034c1d9,zou99999,2025-04-04,21:01:17,-07:00,2025-04-04T21:01:17-07:00,0,6
